"Month","Longitude","Latitude","Location","Crime.type","Postcode"
"2016-04",-5.913894,54.569337,"ORMEAU ROAD","Anti-social behaviour","BT73GA"
"2016-09",-5.732362,54.550318,"LABURNUM DRIVE","Violence and sexual offences","BT235WG"
"2016-10",-5.989058,54.591122,"NORGLEN PARADE","Criminal damage and arson","BT118DP"
"2016-06",-7.462991,54.826321,"CHURCH STREET","Criminal damage and arson","BT343HN"
"2017-07",-6.677042,55.128122,"KYLES BRAE","Anti-social behaviour","BT513BU"
"2016-08",-7.637415,54.352126,"CARNMORE RISE","Anti-social behaviour","BT746BD"
"2016-11",-6.743804,54.637669,"CHURCH STREET","Anti-social behaviour","BT343HN"
"2015-04",-5.849083,54.591356,"THORNHILL PARADE","Burglary","BT399RE"
"2015-09",-6.610939,54.64522,"MAIN STREET","Vehicle crime","BT936HW"
"2015-10",-5.938425,54.549622,"KILWARLIN CRESCENT","Criminal damage and arson","BT87EN"
"2016-08",-5.924165,54.614277,"YORK ROAD","Criminal damage and arson","BT153GU"
"2015-08",-5.944435,54.600049,"DIVIS STREET","Anti-social behaviour","BT124JP"
"2015-04",-6.717733,55.183093,"CHURCH STREET","Other theft","BT343HN"
"2017-05",-7.329923,55.030252,"GALLIAGH PARK","Anti-social behaviour","BT488DE"
"2016-02",-5.902713,54.594616,"STORMOUNT STREET","Criminal damage and arson","BT54NX"
"2017-12",-7.570284,54.316834,"MEADOWVALE","Drugs","BT667RL"
"2015-12",-6.477972,54.402116,"DOBBIN ROAD","Vehicle crime","BT624EZ"
"2017-06",-5.891541,54.223138,"MOURNE RISE","Criminal damage and arson","BT330HE"
"2015-11",-5.693774,54.597238,"VICTORIA AVENUE","Criminal damage and arson","BT237ED"
"2016-02",-6.191131,54.719529,"ANDRAID CLOSE","Anti-social behaviour","BT411RF"
"2016-07",-6.037326,54.507232,"BALLYNAHINCH ROAD","Anti-social behaviour","BT88DN"
"2016-03",-5.931799,54.57853,"SANDHURST DRIVE","Vehicle crime","BT95AY"
"2016-10",-5.703947,54.578715,"SHACKLETON WALK","Criminal damage and arson","BT234RE"
"2015-02",-5.882919,54.402733,"WINDMILL DRIVE","Anti-social behaviour","BT248WD"
"2015-10",-7.305995,55.0331,"CORNSHELL FIELDS","Criminal damage and arson","BT487UH"
"2016-11",-5.719564,54.325094,"MARKET STREET","Anti-social behaviour","BT622BP"
"2016-03",-5.953303,54.619149,"OLDPARK ROAD","Violence and sexual offences","BT146QS"
"2015-05",-5.719363,54.32846,"ENGLISH STREET","Anti-social behaviour","BT306AB"
"2017-09",-5.958754,54.612637,"BROOKFIELD PLACE","Drugs","BT147FN"
"2016-07",-5.938796,54.60476,"SHERBROOK CLOSE","Anti-social behaviour","BT131ER"
"2017-12",-5.965701,54.615198,"ESTORIL PARK","Shoplifting","BT147NG"
"2015-10",-6.907443,54.55464,"CAMAGHY ROAD","Criminal damage and arson","BT702NU"
"2017-07",-5.920639,54.663652,"CLONBEG DRIVE","Anti-social behaviour","BT379BU"
"2017-01",-5.903294,54.592353,"ISTHMUS STREET","Anti-social behaviour","BT69AS"
"2016-10",-7.492629,54.581786,"DOOISH ROAD","Anti-social behaviour","BT784RE"
"2015-02",-5.948576,54.688433,"BEVERLEY ROAD","Robbery","BT366QD"
"2017-07",-5.79367,54.591733,"BUTE PARK","Criminal damage and arson","BT162NU"
"2016-11",-5.905018,54.584988,"CHESHAM GROVE","Anti-social behaviour","BT68GU"
"2016-09",-6.743219,54.648111,"UNION PLACE","Possession of weapons","BT701DL"
"2016-01",-6.940087,55.038727,"GLENBURN WAY","Criminal damage and arson","BT490RN"
"2015-03",-7.447329,54.521328,"MONTAGUE VILLAS","Anti-social behaviour","BT783AR"
"2016-09",-5.90095,54.593094,"CASTLEREAGH STREET","Burglary","BT54NE"
"2015-02",-6.280027,54.344992,"HILLHEAD PARK","Violence and sexual offences","BT323XD"
"2017-06",-7.334426,55.021797,"THE HAWTHORNES","Anti-social behaviour","BR925BN"
"2017-06",-6.005964,54.748726,"FERNLEA GARDENS","Anti-social behaviour","BT399EJ"
"2015-07",-6.71729,55.184651,"ENFIELD STREET","Violence and sexual offences","BT133DH"
"2016-09",-6.268694,54.350832,"BRIDGE STREET","Drugs","BT281XZ"
"2017-02",-5.924849,54.597496,"SEYMOUR STREET","Shoplifting","BT536JR"
"2015-10",-6.450649,54.431632,"CHURCHILL PARK","Drugs","BT621EX"
"2016-06",-6.396198,54.357185,"OLD GILFORD ROAD","Violence and sexual offences","BT622DW"
"2017-06",-6.333109,54.460516,"CORONATION STREET","Drugs","BT623BA"
"2017-11",-5.957547,54.630856,"SUNNINGDALE GROVE","Anti-social behaviour","BT146SR"
"2017-05",-5.955571,54.617462,"JAMAICA ROAD","Criminal damage and arson","BT147QW"
"2015-10",-6.197709,54.707705,"THE WARREN","Anti-social behaviour","BT536TH"
"2016-08",-5.965978,54.588868,"ST. JAMES'S AVENUE","Other theft","BR925BN"
"2015-04",-5.935672,54.612955,"HALLIDAYS ROAD","Violence and sexual offences","BT152LR"
"2016-02",-7.500338,54.129037,"DRUMETTAGH ROAD","Burglary","BT929FT"
"2016-10",-5.893711,54.587065,"CASTLEREAGH ROAD","Shoplifting","BT55FZ"
"2017-03",-6.93245,55.044194,"ANDERSON PARK","Violence and sexual offences","BT390PA"
"2015-10",-6.576275,54.190473,"DUNDALK STREET","Anti-social behaviour","BT350PB"
"2016-01",-5.921608,54.576972,"HAYWOOD AVENUE","Anti-social behaviour","BT73EU"
"2016-01",-6.673721,54.346513,"MULLACREEVIE PARK","Violence and sexual offences","BT604BA"
"2016-01",-7.306811,54.996698,"EMERSON STREET","Violence and sexual offences","BT476EL"
"2017-04",-5.950441,54.579998,"CHADWICK STREET","Violence and sexual offences","BT97FD"
"2016-09",-6.68421,55.11371,"CEDAR GROVE","Anti-social behaviour","BT189QG"
"2015-02",-6.034989,54.530807,"HILLVIEW PARK","Anti-social behaviour","BT817PR"
"2017-11",-6.261242,54.857385,"MEADOWVALE","Shoplifting","BT667RL"
"2015-02",-7.334426,55.021797,"THE HAWTHORNES","Shoplifting","BR925BN"
"2015-06",-5.938416,54.630954,"ANTRIM ROAD","Vehicle crime","BT152AH"
"2016-11",-5.961805,54.590325,"IVEAGH DRIVE","Criminal damage and arson","BT323YE"
"2016-11",-5.932781,54.587541,"BOTANIC AVENUE","Vehicle crime","BT71JL"
"2015-03",-5.786425,54.592374,"CULROSS DRIVE","Violence and sexual offences","BT162QJ"
"2017-05",-6.659657,55.195889,"DHU VARREN PARK SOUTH","Anti-social behaviour","BT568EJ"
"2017-12",-5.928592,54.599366,"CORN MARKET","Anti-social behaviour","BT358BG"
"2015-07",-5.893711,54.587065,"CASTLEREAGH ROAD","Shoplifting","BT55FZ"
"2017-08",-6.333109,54.460516,"CORONATION STREET","Shoplifting","BT623BA"
"2017-05",-5.930632,54.595447,"JAMES STREET SOUTH","Anti-social behaviour","BT27GA"
"2015-02",-6.744976,54.645884,"CENTRAL AVENUE","Anti-social behaviour","BT203AF"
"2017-11",-5.998699,54.748948,"MILL ROAD","Criminal damage and arson","BT344RH"
"2017-12",-5.997472,54.530631,"SANDYHILL AVENUE","Other theft","BT179LT"
"2016-06",-5.870634,54.594667,"HEWITT PARADE","Anti-social behaviour","BT56JT"
"2016-06",-5.872615,54.608602,"INVERWOOD GARDENS","Burglary","BT41RG"
"2017-10",-5.835219,54.32586,"NEWCASTLE ROAD","Anti-social behaviour","BT221QQ"
"2017-12",-5.969735,54.60974,"GLENCAIRN CRESCENT","Other theft","BT133LX"
"2016-10",-6.363742,54.43602,"GARRYMORE","Anti-social behaviour","BT655JF"
"2015-12",-6.391783,54.400863,"BALLYNAGARRICK ROAD","Burglary","BT635NR"
"2015-04",-5.932635,54.591645,"VENTRY STREET","Anti-social behaviour","BT27JP"
"2017-01",-7.279915,54.999632,"WINCHESTER PARK","Anti-social behaviour","BT476XZ"
"2017-04",-5.925144,54.610853,"BENTINCK STREET","Shoplifting","BT151LZ"
"2017-08",-5.841828,54.58137,"LOWER BRANIEL ROAD","Criminal damage and arson","BT57PA"
"2017-12",-5.957396,54.671852,"CARNMONEY ROAD","Burglary","BT366JR"
"2015-05",-7.172463,54.240499,"RELLAN ROAD","Violence and sexual offences","BT927QU"
"2016-09",-6.283349,54.863764,"GALGORM ROAD","Anti-social behaviour","BT421AA"
"2017-10",-7.308118,54.992493,"BEN VARDEN AVENUE","Anti-social behaviour","BT472AS"
"2017-08",-5.937749,54.582001,"WELLESLEY AVENUE","Anti-social behaviour","BT96DG"
"2017-11",-6.438146,54.425694,"BRIDGE STREET","Violence and sexual offences","BT281XZ"
"2015-02",-5.936286,54.630505,"LISBREEN PARK","Drugs","BT154DJ"
"2016-11",-6.548686,54.487106,"CLONMAKATE ROAD","Vehicle crime","BT621TZ"
"2017-06",-6.432954,54.425672,"ROSLYN AVENUE","Violence and sexual offences","BT635BG"
"2017-11",-5.90357,54.58968,"WILLOWFIELD AVENUE","Burglary","BT522NP"
"2016-06",-5.708843,54.593715,"CIRCULAR ROAD","Anti-social behaviour","BT234EU"
"2016-01",-5.960944,54.625496,"JOANMOUNT GARDENS","Anti-social behaviour","BT146PA"
"2017-04",-7.310344,54.985642,"VIRGINIA COURT","Anti-social behaviour","BT472DX"
"2016-11",-6.500497,55.06914,"HEATHERLEA PLACE","Violence and sexual offences","BT537BH"
"2016-10",-5.537567,54.642512,"HIGH STREET","Anti-social behaviour","BT248AB"
"2017-11",-6.002199,54.573002,"CONOR RISE","Anti-social behaviour","BT119LP"
"2017-10",-6.336748,54.457098,"UNION STREET","Other theft","BT536HT"
"2017-01",-5.979548,54.578511,"ANDERSONSTOWN ROAD","Violence and sexual offences","BT119AH"
"2017-11",-5.952547,54.464234,"DRENNAN ROAD","Anti-social behaviour","BT276UR"
"2017-02",-5.931624,54.598465,"FOUNTAIN STREET","Shoplifting","BT414BB"
"2015-10",-6.253979,55.200187,"CASTLE STREET","Burglary","BT307QQ"
"2015-09",-6.029129,54.518743,"LAWNMOUNT CRESCENT","Other crime","BT274TU"
"2016-10",-6.563374,54.95526,"LARCHFIELD GARDENS","Anti-social behaviour","BT515SB"
"2015-06",-6.371336,54.444308,"CLONMEEN","Violence and sexual offences","BT654AR"
"2015-07",-5.958278,54.670968,"ANTRIM ROAD","Anti-social behaviour","BT152AH"
"2017-09",-7.277917,54.998614,"DURHAM PARK","Shoplifting","BT475YD"
"2017-08",-5.941015,54.604025,"BOUNDARY WALK","Anti-social behaviour","BT131DX"
"2015-07",-5.935396,54.589374,"DONEGALL ROAD","Violence and sexual offences","BT126HN"
"2015-09",-6.032082,54.578038,"HAWTHORN GLEN","Anti-social behaviour","BT170NU"
"2016-06",-5.847327,54.587983,"GILNAHIRK ROAD","Shoplifting","BT57QL"
"2017-03",-6.122958,54.613849,"KNOCKCAIRN LODGE","Criminal damage and arson","BT294WY"
"2017-07",-7.628826,54.359673,"DRUMBEG","Anti-social behaviour","BT655AE"
"2015-09",-5.962319,54.595212,"BEECHMOUNT PASS","Criminal damage and arson","BT127NZ"
"2015-11",-5.709866,54.590104,"SCRABO ROAD","Other crime","BT234NW"
"2016-05",-6.510443,55.078703,"PARK VIEW","Anti-social behaviour","BT458AT"
"2017-02",-5.650512,54.398064,"STRANGFORD VIEW","Anti-social behaviour","BT222SE"
"2015-04",-5.933006,54.587985,"BOTANIC AVENUE","Anti-social behaviour","BT71JL"
"2015-11",-5.931149,54.595941,"DONEGALL SQUARE WEST","Anti-social behaviour","BT16JH"
"2015-10",-6.220542,54.705374,"CEDARMOUNT","Anti-social behaviour","BT414HA"
"2017-03",-6.668087,55.129156,"NEW MARKET STREET","Criminal damage and arson","BT521EH"
"2017-11",-6.234464,54.832265,"LIMINARY ROAD","Anti-social behaviour","BT423HL"
"2017-06",-7.103121,54.884606,"TEENAGHT ROAD","Anti-social behaviour","BT474AN"
"2015-09",-5.953835,54.600236,"CUPAR STREET LOWER","Anti-social behaviour","BT132LJ"
"2016-01",-7.276112,55.019883,"GRANSHA PARK","Violence and sexual offences","BT118AU"
"2017-09",-5.933509,54.60768,"CARLISLE ROAD","Drugs","BT152PT"
"2015-11",-6.938266,55.069155,"GRANNAGH PARK","Anti-social behaviour","BT490JR"
"2015-04",-7.633665,54.355196,"HILLVIEW WALK","Anti-social behaviour","BT746HA"
"2016-07",-6.337989,54.46795,"VICTORIA STREET","Violence and sexual offences","BT679DG"
"2015-05",-7.314786,54.61236,"CLONMORE GARDENS","Anti-social behaviour","BT797XB"
"2017-11",-5.927784,54.603997,"ACADEMY STREET","Anti-social behaviour","BT12LS"
"2015-01",-5.890038,54.212311,"VALENTIA PLACE","Anti-social behaviour","BT330EH"
"2015-01",-5.972926,54.620899,"WHEATFIELD CRESCENT","Anti-social behaviour","BT147HT"
"2016-06",-6.444442,54.422604,"MARKET STREET WEST","Shoplifting","BR925BN"
"2016-04",-6.652703,55.20184,"EGLINTON LANE","Anti-social behaviour","BT568DJ"
"2015-11",-6.263891,54.858061,"INCHCOLM AVENUE","Burglary","BT424AF"
"2016-08",-6.046777,54.509784,"SMITHFIELD","Anti-social behaviour","BT281TH"
"2017-11",-6.395208,54.796019,"THE MOORLANDS","Violence and sexual offences","BT413RN"
"2017-08",-7.319081,54.996435,"BANK PLACE","Shoplifting","BT486EA"
"2016-07",-6.669696,55.131689,"NEW ROW","Anti-social behaviour","BT521AF"
"2015-09",-5.928592,54.599366,"CORN MARKET","Anti-social behaviour","BT358BG"
"2015-12",-5.921364,54.644005,"SHORE ROAD","Other theft","BT413NW"
"2017-04",-6.333302,54.469045,"VICTORIA GARDENS","Violence and sexual offences","BT679AZ"
"2015-04",-6.374335,54.445247,"DRUMGOR HEIGHTS","Anti-social behaviour","BT654AP"
"2016-08",-5.910271,54.590865,"RAVENHILL ROAD","Violence and sexual offences","BT68EF"
"2017-11",-5.705043,54.66124,"SEYMOUR PARK","Burglary","BT275BQ"
"2017-11",-5.920207,54.608719,"DOCK STREET","Anti-social behaviour","BT828EE"
"2016-03",-6.332347,54.462194,"MARKET STREET","Public order","BT622BP"
"2015-09",-6.025582,54.519593,"HILDEN COURT","Anti-social behaviour","BT274YL"
"2015-07",-5.95078,54.606509,"MATCHETT STREET","Anti-social behaviour","BT131QD"
"2015-02",-5.85459,54.615211,"GLENDHU PARK","Other theft","BT42QH"
"2015-02",-5.975734,54.623902,"CRUMLIN ROAD","Possession of weapons","BT147EA"
"2016-12",-6.440816,54.41218,"TANDRAGEE ROAD","Other crime","BT623BQ"
"2016-03",-5.976813,54.600604,"HIGH LINK","Violence and sexual offences","BT133ED"
"2016-08",-6.063155,54.026858,"CRANFIELD CHALETS","Criminal damage and arson","BT344LJ"
"2016-04",-7.159243,54.912469,"GREENMOUNT GARDENS","Vehicle crime","BT275HD"
"2017-11",-5.934838,54.656617,"THRONE TERRACE","Shoplifting","BT367NR"
"2017-05",-6.634768,54.346491,"BALLYNAHONEMORE ROAD","Drugs","BT601JD"
"2017-02",-5.961172,54.597727,"SPRINGFIELD AVENUE","Violence and sexual offences","BT127BA"
"2015-04",-5.927095,54.60262,"HILL STREET","Anti-social behaviour","BT12LB"
"2016-04",-6.02433,54.555099,"GLASVEY WALK","Anti-social behaviour","BT170DE"
"2015-11",-5.890075,54.222403,"BURRENDALE PARK ROAD","Criminal damage and arson","BT330JE"
"2015-10",-5.910685,54.58611,"RAVENHILL COURT","Other theft","BT68FS"
"2016-02",-5.928221,54.608794,"EARL CLOSE","Shoplifting","BT151DF"
"2015-07",-6.177433,54.710735,"CAULSIDE PARK","Anti-social behaviour","BT412DR"
"2017-09",-6.029707,54.567316,"SPRINGBANK DRIVE","Anti-social behaviour","BT170QN"
"2017-04",-5.961388,54.599905,"SPRINGFIELD DRIVE","Anti-social behaviour","BT127EL"
"2016-04",-5.975943,54.521441,"DRUMBO ROAD","Violence and sexual offences","BT275TX"
"2016-09",-5.536134,54.641611,"HIGH STREET","Violence and sexual offences","BT248AB"
"2015-05",-5.864884,54.844555,"OLD MILL HEIGHTS","Anti-social behaviour","BT266RF"
"2015-09",-5.939459,54.590405,"TEUTONIC GARDENS","Violence and sexual offences","BT125HZ"
"2015-10",-6.526305,55.077423,"SEMICOCK ROAD","Anti-social behaviour","BT536PY"
"2016-10",-6.267073,54.344016,"BELMONT VIEW","Violence and sexual offences","BR925BN"
"2015-12",-6.29341,54.461336,"GILPIN PARK","Criminal damage and arson","BT667JZ"
"2015-12",-5.859053,54.594786,"UPPER NEWTOWNARDS ROAD","Burglary","BT43NW"
"2015-05",-7.734033,54.27255,"NEWTATE ROAD","Violence and sexual offences","BT921FW"
"2017-04",-5.945824,54.581384,"MALONE AVENUE","Criminal damage and arson","BT96EP"
"2016-07",-6.339119,54.175351,"THE MALL","Anti-social behaviour","BT341BX"
"2015-04",-6.445428,54.418115,"CORONATION STREET","Anti-social behaviour","BT623BA"
"2015-12",-6.026765,54.552363,"JUNIPER WAY","Other theft","BT170BQ"
"2016-07",-7.315424,55.020309,"SUMMERHILL PARK","Anti-social behaviour","BT57HE"
"2016-05",-5.835524,54.452507,"SHREWSBURY DALE","Anti-social behaviour","BT247NE"
"2017-04",-6.148853,54.411848,"LAGANVALE","Violence and sexual offences","BT251BT"
"2016-03",-6.927191,55.043681,"JANES VALLEY","Violence and sexual offences","BT490EH"
"2015-03",-5.931172,54.652206,"GARTON WAY","Anti-social behaviour","BT367JF"
"2016-05",-6.673078,54.35071,"CALLAN BRIDGE PARK","Anti-social behaviour","BT604BU"
"2017-07",-7.323947,54.99048,"ALMA PLACE","Anti-social behaviour","BT486SJ"
"2016-06",-5.994709,54.575924,"SLIEVEGALLION DRIVE","Anti-social behaviour","BT118JP"
"2016-10",-5.977583,54.523562,"HILLHALL ROAD","Drugs","BT275JA"
"2016-05",-5.708132,54.592335,"NURSERY ROAD","Burglary","BT422QD"
"2017-08",-5.959099,54.591519,"IRWELL COURT","Violence and sexual offences","BT126EZ"
"2016-12",-6.32366,54.757462,"TRESNA PARK","Anti-social behaviour","BT413HH"
"2017-04",-6.03104,54.578812,"HAWTHORN GLEN","Anti-social behaviour","BT170NU"
"2017-08",-6.275476,54.86067,"JAMES STREET","Shoplifting","BT781AP"
"2016-11",-5.876207,54.578259,"CLONDUFF DRIVE","Bicycle theft","BT69NS"
"2015-05",-5.949997,54.582371,"EDINBURGH STREET","Anti-social behaviour","BT97DS"
"2015-07",-6.520743,54.29664,"NEWRY STREET","Anti-social behaviour","BT344DN"
"2017-04",-5.641507,54.248416,"SEAVIEW","Criminal damage and arson","BT343NJ"
"2015-06",-6.519001,55.065755,"WEST GATE","Shoplifting","BT536LD"
"2016-08",-5.930154,54.597254,"DONEGALL SQUARE NORTH","Violence and sexual offences","BT15GB"
"2016-08",-6.002807,54.434319,"RIVERDALE","Burglary","BT422JB"
"2016-04",-6.287217,54.348122,"LIMEWOOD","Burglary","BT323FH"
"2016-05",-6.352147,54.180112,"HOSPITAL ROAD","Anti-social behaviour","BT358PW"
"2015-06",-6.410471,54.355245,"AUSTIN DRIVE","Violence and sexual offences","BT622AS"
"2016-01",-6.613068,54.752727,"WESTLAND DRIVE","Criminal damage and arson","BT146NG"
"2017-01",-7.300365,54.594985,"KEVLIN ROAD","Anti-social behaviour","BT781JL"
"2017-03",-5.937749,54.582001,"WELLESLEY AVENUE","Criminal damage and arson","BT96DG"
"2016-03",-5.935858,54.642923,"ANTRIM ROAD","Anti-social behaviour","BT152AH"
"2017-02",-6.011599,54.553686,"OAKVALE GARDENS","Anti-social behaviour","BT170SD"
"2015-12",-7.319963,54.996961,"SHIPQUAY STREET","Anti-social behaviour","BT486DN"
"2017-07",-5.928554,54.600102,"WINECELLAR ENTRY","Anti-social behaviour","BT11QN"
"2016-08",-5.683816,54.595727,"ABBEY ROAD","Anti-social behaviour","BT222DG"
"2016-05",-6.750722,54.653507,"PRINCESS AVENUE","Public order","BT808EU"
"2017-01",-6.410715,54.439325,"KERNAN HILL MANOR","Anti-social behaviour","BT635YR"
"2016-12",-5.965992,54.592615,"BEECHMOUNT DRIVE","Theft from the person","BT127LU"
"2015-01",-5.936921,54.591332,"BOYNE COURT","Anti-social behaviour","BT125BL"
"2015-05",-6.29336,54.511056,"PARKNASILLA CLOSE","Anti-social behaviour","BT670AW"
"2016-12",-5.96097,54.596502,"IRIS STREET","Other theft","BT127AR"
"2017-03",-5.813283,54.856988,"STYLUX INDUSTRIAL ESTATE","Anti-social behaviour","BR925BN"
"2015-06",-7.464077,54.81949,"IONA VILLAS","Violence and sexual offences","BT829AU"
"2015-02",-6.192257,54.509883,"WILLOW LODGE","Violence and sexual offences","BT282WL"
"2015-11",-7.640381,54.350509,"CARNMORE RISE","Anti-social behaviour","BT746BD"
"2015-11",-5.983993,54.616286,"GLENCAIRN WAY","Public order","BT133TD"
"2016-04",-6.269187,54.862413,"TROSTAN AVENUE","Anti-social behaviour","BT437BL"
"2015-09",-5.967502,54.609505,"BALLYGOMARTIN ROAD","Shoplifting","BT133NA"
"2017-10",-6.874792,54.600355,"EDENDOIT ROAD","Other crime","BT702RW"
"2015-08",-6.347065,54.174274,"POUND ROAD","Criminal damage and arson","BT456NR"
"2017-07",-7.304575,55.000395,"LIMAVADY ROAD","Anti-social behaviour","BT515EB"
"2017-08",-7.489586,54.612424,"OMAGH ROAD","Burglary","BT784QY"
"2017-10",-5.964602,54.68059,"GLENVARNA WALK","Anti-social behaviour","BT365JE"
"2015-05",-5.890692,54.597875,"EAST BREAD STREET","Anti-social behaviour","BT55AP"
"2017-12",-7.298989,54.983817,"LISNAVAR COURT","Anti-social behaviour","BT472NE"
"2015-10",-7.320335,54.376602,"MAIN STREET","Anti-social behaviour","BT936HW"
"2017-03",-7.323641,55.001221,"CLARENDON STREET","Violence and sexual offences","BT487ET"
"2016-10",-6.843849,54.293909,"COOLKILL ROAD","Burglary","BT604TA"
"2015-08",-5.740842,54.672768,"FORT ROAD","Vehicle crime","BT161XR"
"2015-09",-5.711151,54.316048,"GLEBETOWN DRIVE","Anti-social behaviour","BT306QB"
"2015-04",-6.663254,54.342534,"DALTON PARK","Anti-social behaviour","BT235HD"
"2017-07",-6.277751,54.863182,"PROSPECT PLACE","Shoplifting","BT435BL"
"2017-05",-5.697475,54.655822,"LYNDHURST AVENUE","Anti-social behaviour","BT191AY"
"2015-05",-5.842013,54.631978,"OAKLEY AVENUE","Violence and sexual offences","BT189PE"
"2015-09",-5.947867,54.772474,"CASTLETOWN PARK","Anti-social behaviour","BT399QE"
"2016-01",-6.024858,54.548971,"BROOM PARK HEIGHTS","Violence and sexual offences","BT170JJ"
"2016-10",-6.331148,54.459051,"TRASNA WAY","Violence and sexual offences","BT920LU"
"2017-09",-5.695539,54.651975,"ORLOCK GARDENS","Violence and sexual offences","BT191SP"
"2015-08",-5.586082,54.605021,"MOSS ROAD","Anti-social behaviour","BT222DS"
"2017-12",-5.748496,54.773347,"ISLAND ROAD","Violence and sexual offences","BT389JE"
"2017-11",-5.935396,54.589374,"DONEGALL ROAD","Other theft","BT126HN"
"2015-11",-6.284773,54.863254,"GALGORM ROAD","Criminal damage and arson","BT421AA"
"2017-01",-6.273832,54.857214,"WAKEHURST PARK","Violence and sexual offences","BT423AY"
"2017-06",-6.3359,54.468496,"VICTORIA STREET","Anti-social behaviour","BT679DG"
"2015-10",-6.948962,55.047482,"IRISH GREEN STREET","Violence and sexual offences","BT499AA"
"2015-12",-6.737246,54.634394,"CASTLE VILLAS","Anti-social behaviour","BT808JE"
"2016-10",-5.535522,54.486997,"CHURCH WAY","Anti-social behaviour","BT222SN"
"2016-07",-5.891343,54.2222,"BURRENDALE PARK ROAD","Anti-social behaviour","BT330JE"
"2016-11",-6.743804,54.637669,"CHURCH STREET","Violence and sexual offences","BT343HN"
"2016-02",-5.827131,54.872861,"THE WOODS","Criminal damage and arson","BT401BD"
"2016-03",-5.699824,54.596697,"MARK STREET","Other crime","BT234DT"
"2015-06",-5.94215,54.613443,"MANOR CLOSE","Violence and sexual offences","BT146DJ"
"2017-03",-5.79113,54.728541,"DOWNSHIRE ROAD","Anti-social behaviour","BT189LX"
"2017-11",-5.908824,54.583167,"ARDENLEE AVENUE","Vehicle crime","BT60AE"
"2017-04",-5.92577,54.600378,"CHURCH LANE","Anti-social behaviour","BT14QN"
"2015-10",-5.838578,54.631917,"ABBEY RING","Violence and sexual offences","BT189PF"
"2017-08",-7.326597,54.999199,"LOWER ROAD","Anti-social behaviour","BT487DP"
"2017-03",-6.058803,54.510167,"TONAGH MEWS","Anti-social behaviour","BT281DZ"
"2015-06",-5.795028,54.724245,"CORONATION CRESCENT","Violence and sexual offences","BT387HB"
"2015-11",-7.321434,54.99219,"WAPPING LANE","Anti-social behaviour","BT266AX"
"2017-10",-6.044693,54.508484,"IVAN STREET","Other theft","BT281YN"
"2015-04",-5.900423,54.67546,"GLENVIEW WAY","Anti-social behaviour","BT370TR"
"2017-11",-6.767731,54.55937,"AGHARAN ROAD","Burglary","BT714HG"
"2015-07",-7.661878,54.328346,"CLEENISH PARK","Anti-social behaviour","BT922FG"
"2016-03",-6.379576,54.446422,"ENNISKEEN","Anti-social behaviour","BT654AB"
"2015-11",-5.942219,54.623418,"CEDAR AVENUE","Violence and sexual offences","BT155AS"
"2015-03",-6.047399,54.506129,"HILLSBOROUGH ROAD","Anti-social behaviour","BT252BL"
"2015-03",-5.930067,54.600182,"ROSEMARY STREET","Shoplifting","BT11QB"
"2017-08",-7.320825,55.029115,"FERN PARK","Criminal damage and arson","BT488HF"
"2016-07",-6.950542,55.050469,"MARKET STREET","Violence and sexual offences","BT622BP"
"2017-08",-5.774356,54.591236,"MILLMOUNT LANE","Anti-social behaviour","BT161WN"
"2015-06",-5.918121,54.600758,"STATION STREET","Anti-social behaviour","BT39DA"
"2015-07",-5.819058,54.647057,"OLD QUAY ROAD","Anti-social behaviour","BT180AL"
"2016-05",-7.322908,55.001154,"CLARENDON STREET","Violence and sexual offences","BT487ET"
"2017-04",-5.956102,54.602556,"LAWNBROOK SQUARE","Criminal damage and arson","BT132AG"
"2015-11",-6.345605,54.177462,"MONAGHAN STREET","Anti-social behaviour","BT356AA"
"2016-05",-5.663193,54.659083,"PARKMOUNT","Robbery","BT808AY"
"2016-06",-7.637132,54.344103,"TOWNHALL STREET","Other theft","BT747BD"
"2017-05",-5.878796,54.604047,"STRANDBURN PARK","Other theft","BT41ND"
"2015-10",-6.209252,54.893716,"RIVERSIDE","Anti-social behaviour","BT746BR"
"2015-06",-5.990147,54.992324,"HARBOUR ROAD","Anti-social behaviour","BT221EA"
"2015-03",-6.02648,54.56659,"GOOD SHEPHERD COURT","Anti-social behaviour","BT170LS"
"2015-06",-6.384612,54.409752,"KNOCKNAMUCKLY ROAD","Violence and sexual offences","BT635PE"
"2015-02",-5.904654,54.594192,"THE MOUNT","Anti-social behaviour","BT54NA"
"2015-06",-5.650558,54.400761,"FREDERICK STREET","Violence and sexual offences","BT309QP"
"2015-12",-5.899607,54.595434,"LORD STREET","Criminal damage and arson","BT54QH"
"2015-04",-7.309666,54.994217,"DUDDYS COURT","Criminal damage and arson","BT476BH"
"2017-04",-5.681725,54.604735,"HOLLYMOUNT PARK","Criminal damage and arson","BT473UW"
"2017-02",-6.946975,55.04388,"GREYSTONE PARK","Other theft","BT490EQ"
"2016-03",-7.346647,55.029804,"PINETREES","Burglary","BT308NB"
"2017-08",-6.065592,54.52431,"BRAMBLING CLOSE","Criminal damage and arson","BT283PN"
"2016-08",-5.927349,54.592462,"ORMEAU AVENUE","Vehicle crime","BT28HB"
"2015-04",-5.944435,54.600049,"DIVIS STREET","Vehicle crime","BT124JP"
"2015-09",-5.942624,54.625203,"RIGBY CLOSE","Anti-social behaviour","BT155JF"
"2017-05",-5.960674,54.679149,"BURNTHILL ROAD","Anti-social behaviour","BT365HF"
"2015-09",-7.309712,55.030642,"CARRANBANE WALK","Criminal damage and arson","BT488HU"
"2016-09",-6.443011,54.420932,"THOMAS STREET","Anti-social behaviour","BT701HN"
"2015-10",-6.658767,55.134507,"WINDSOR AVENUE","Anti-social behaviour","BT389RX"
"2015-10",-7.289145,54.988431,"PELHAM ROAD","Anti-social behaviour","BT476FF"
"2016-05",-5.934828,54.628099,"FORTWILLIAM PARK","Violence and sexual offences","BT154AN"
"2017-08",-5.896614,54.589272,"CASTLEREAGH ROAD","Vehicle crime","BT55FZ"
"2017-12",-6.542804,55.214339,"BALLAGHMORE AVENUE","Anti-social behaviour","BT578RX"
"2016-01",-7.319081,54.996435,"BANK PLACE","Anti-social behaviour","BT486EA"
"2017-09",-6.017176,54.382523,"HILLSBOROUGH ROAD","Criminal damage and arson","BT252BL"
"2017-08",-5.964796,54.627133,"HOYLAKE PARK","Anti-social behaviour","BT146PR"
"2016-03",-5.940372,54.5852,"ELMWOOD AVENUE","Criminal damage and arson","BT96AZ"
"2015-06",-5.909896,54.587606,"RAVENHILL CRESCENT","Burglary","BT68JU"
"2017-01",-5.930261,54.598181,"DONEGALL PLACE","Violence and sexual offences","BT15AB"
"2016-10",-6.663572,54.343624,"DRUMARG PARK","Violence and sexual offences","BT604AQ"
"2016-11",-5.96145,54.590921,"IVEAGH STREET","Other theft","BT126AU"
"2017-05",-7.489667,54.615766,"MAIN STREET","Violence and sexual offences","BT936HW"
"2015-07",-6.34796,54.177171,"MONAGHAN ROW","Anti-social behaviour","BT358DL"
"2016-07",-6.351386,54.189994,"LARCHMOUNT","Shoplifting","BR925BN"
"2016-11",-6.677073,55.131913,"WATERSIDE STREET","Shoplifting","BT513DP"
"2016-03",-5.963856,54.671341,"HARMIN AVENUE","Anti-social behaviour","BT367UW"
"2017-05",-6.143939,54.78221,"BARNISH ROAD","Other theft","BT412EJ"
"2016-09",-5.946261,54.669166,"COLLINWARD DRIVE","Anti-social behaviour","BT366DR"
"2015-09",-5.904418,54.599084,"TOWER COURT","Public order","BT234FW"
"2016-06",-6.67245,55.197942,"BALLYREAGH ROAD","Criminal damage and arson","BT356RQ"
"2017-04",-7.550678,54.710277,"DRUMNABEY PARK","Anti-social behaviour","BT817PS"
"2016-09",-6.340487,54.464166,"DILL AVENUE","Anti-social behaviour","BT666HL"
"2017-09",-6.184973,54.732986,"BUSH ROAD","Violence and sexual offences","BT716QE"
"2015-09",-6.260203,54.112823,"UPPER DROMORE ROAD","Anti-social behaviour","BT343PN"
"2015-12",-6.366178,54.378696,"LURGAN ROAD","Violence and sexual offences","BT635BJ"
"2015-07",-5.938179,54.617275,"OCEANIC AVENUE","Violence and sexual offences","BT152HS"
"2015-09",-5.687442,54.59346,"GEORGES STREET","Anti-social behaviour","BT781DE"
"2016-01",-5.996894,54.749637,"MILL ROAD","Criminal damage and arson","BT344RH"
"2017-06",-5.816734,54.639531,"PRINCESS GARDENS","Anti-social behaviour","BT180PN"
"2016-02",-5.93075,54.60014,"BERRY STREET","Anti-social behaviour","BT11FJ"
"2016-05",-5.875501,54.59955,"DUNDELA AVENUE","Other crime","BT43BT"
"2016-09",-7.336476,54.998076,"DEMESNE AVENUE","Anti-social behaviour","BT667BL"
"2016-02",-7.489586,54.612424,"OMAGH ROAD","Anti-social behaviour","BT784QY"
"2016-03",-7.300653,54.996816,"HERON WAY","Anti-social behaviour","BT476LE"
"2017-12",-6.559232,54.654345,"DERRYCRIN PARK","Violence and sexual offences","BT800DB"
"2017-12",-6.066031,54.510139,"BALLINDERRY ROAD","Anti-social behaviour","BT282SA"
"2017-09",-7.318785,54.992697,"JOHN STREET","Anti-social behaviour","BT486JY"
"2015-11",-7.63961,54.345485,"PAGET SQUARE","Shoplifting","BT747HS"
"2016-01",-7.321576,54.997635,"WILLIAM STREET","Anti-social behaviour","BT486EP"
"2015-11",-5.664276,54.663444,"HOLBORN AVENUE","Criminal damage and arson","BT205EH"
"2017-07",-6.064125,54.523981,"LINNET PARK","Anti-social behaviour","BT283PG"
"2017-12",-5.891964,54.593926,"BLOOMFIELD PARADE","Anti-social behaviour","BT55AS"
"2017-04",-5.925676,54.600412,"SKIPPER STREET","Drugs","BT12DZ"
"2015-06",-6.370253,54.449055,"LEGAHORY CENTRE","Possession of weapons","BT655BE"
"2015-02",-5.959133,54.668754,"FARMLEY CRESCENT","Violence and sexual offences","BT367TX"
"2017-12",-5.932635,54.591645,"VENTRY STREET","Anti-social behaviour","BT27JP"
"2016-05",-6.486305,54.222539,"KINGSMILL ROAD","Burglary","BT602SS"
"2017-05",-5.920877,54.592531,"MCAULEY STREET","Anti-social behaviour","BT72BP"
"2016-06",-7.347608,54.180134,"CLONES ROAD","Anti-social behaviour","BT926SB"
"2015-08",-7.353906,54.952879,"GORTIN MANOR","Anti-social behaviour","BT472TF"
"2015-01",-6.739736,54.646009,"MOLESWORTH ROAD","Anti-social behaviour","BT808NR"
"2017-02",-5.927693,54.553374,"CREVENISH WALK","Violence and sexual offences","BT87FE"
"2015-06",-5.916979,54.668234,"EAST WAY","Anti-social behaviour","BT379NW"
"2015-07",-6.929123,55.041641,"ANDERSON CRESCENT","Anti-social behaviour","BT472BY"
"2015-02",-5.865014,54.58348,"KNOCK GREEN","Other theft","BT56GJ"
"2015-07",-5.988651,54.595914,"NEW BARNSLEY PARK","Other theft","BT127HE"
"2016-10",-7.320455,54.991871,"CARLISLE ROAD","Anti-social behaviour","BT152PT"
"2016-01",-5.923546,54.551946,"CASTLEDILLON ROAD","Shoplifting","BT87BH"
"2015-07",-6.271275,54.349054,"DOWNSHIRE PLACE","Anti-social behaviour","BT27JQ"
"2016-09",-5.987218,54.597372,"MOYARD PARADE","Anti-social behaviour","BT127HG"
"2015-10",-5.960764,54.613003,"ELMFIELD STREET","Violence and sexual offences","BT147FG"
"2017-06",-6.339325,54.195031,"RATHMORE ROAD","Anti-social behaviour","BT489BS"
"2017-07",-5.953859,54.669744,"CHURCH CRESCENT","Anti-social behaviour","BT366ES"
"2016-08",-5.936137,54.625497,"SKEGONEILL AVENUE","Anti-social behaviour","BT153JP"
"2017-09",-5.957816,54.620241,"DEERPARK ROAD","Burglary","BT147PX"
"2016-10",-7.304968,54.995762,"EMERSON STREET","Anti-social behaviour","BT476EL"
"2015-12",-5.699824,54.596697,"MARK STREET","Violence and sexual offences","BT234DT"
"2016-03",-7.314978,54.376734,"BREAKLY WAY","Anti-social behaviour","BT750PB"
"2015-04",-6.356974,54.176962,"ALTNAVEIGH PARK","Violence and sexual offences","BT358XB"
"2015-09",-6.346551,54.175247,"JOHN MARTIN GARDENS","Anti-social behaviour","BT358DZ"
"2017-05",-5.933006,54.587985,"BOTANIC AVENUE","Other theft","BT71JL"
"2017-03",-6.65275,54.346343,"LINENHALL STREET","Drugs","BT490HQ"
"2016-09",-5.94628,54.610117,"SHANNON COURT","Violence and sexual offences","BT146DN"
"2015-11",-5.83128,54.849575,"PRIORY GARDENS","Anti-social behaviour","BT403ET"
"2016-02",-5.885262,54.599326,"CONNSBROOK AVENUE","Anti-social behaviour","BT41JW"
"2017-10",-5.910685,54.58611,"RAVENHILL COURT","Other theft","BT68FS"
"2017-04",-7.460836,54.512324,"CHURCH BRAE","Anti-social behaviour","BT473QG"
"2015-09",-5.972738,54.62219,"FABURN PARK","Violence and sexual offences","BT148AJ"
"2015-05",-6.29815,54.458968,"REGENCY AVENUE","Violence and sexual offences","BT667TY"
"2016-11",-6.016257,54.577133,"GLENCOLIN DRIVE","Violence and sexual offences","BT118PA"
"2017-03",-5.930334,54.599189,"CASTLE STREET","Anti-social behaviour","BT307QQ"
"2016-03",-6.094383,54.45668,"MONUMENT ROAD","Burglary","BT266HT"
"2017-05",-5.71057,54.753031,"EDWARD ROAD","Anti-social behaviour","BT389RU"
"2015-01",-6.74516,54.646937,"BREWERY LANE","Anti-social behaviour","BT703PW"
"2016-12",-7.819805,54.416652,"KNOCKMORE PARK","Anti-social behaviour","BT203SL"
"2016-10",-7.296888,54.995851,"LINCOLN COURT","Anti-social behaviour","BT475NX"
"2017-12",-6.274224,54.85315,"LETTERCREEVE","Anti-social behaviour","BT422EU"
"2017-10",-5.792513,54.592251,"BROOKLANDS PARK","Anti-social behaviour","BT389SN"
"2016-09",-5.663798,54.662051,"SPRINGFIELD AVENUE","Anti-social behaviour","BT127BA"
"2015-04",-7.641433,54.346371,"HALLS LANE","Violence and sexual offences","BT747DR"
"2017-01",-6.659785,55.192558,"GLENTAISIE PARK","Violence and sexual offences","BT568PW"
"2016-04",-6.779428,54.501552,"WOODBURN CRESCENT","Anti-social behaviour","BT717DD"
"2016-10",-6.73477,54.637324,"LOMOND","Violence and sexual offences","BT808XW"
"2016-05",-6.648884,54.346057,"NEWRY ROAD","Other crime","BT323NB"
"2016-01",-5.946825,54.614062,"ROSAPENNA STREET","Violence and sexual offences","BT146GD"
"2015-11",-5.868691,54.577354,"BRENTWOOD PARK","Burglary","BT619JG"
"2016-10",-5.884692,54.51331,"KILLYNURE CLOSE","Anti-social behaviour","BT88PP"
"2015-12",-5.892983,54.206271,"CENTRAL PROMENADE","Other theft","BT330EU"
"2016-10",-5.957168,54.617112,"JAMAICA ROAD","Violence and sexual offences","BT147QW"
"2017-06",-6.429409,54.230112,"LISNALEE PARK","Anti-social behaviour","BT602UP"
"2016-07",-7.649768,54.346198,"WINDMILL HEIGHTS","Violence and sexual offences","BT747LN"
"2015-08",-6.51102,55.076644,"HAMILTON PARK","Anti-social behaviour","BT536HQ"
"2017-08",-6.277105,54.858258,"QUEEN STREET","Violence and sexual offences","BT422BQ"
"2015-05",-5.921481,54.568236,"MORNINGTON","Other theft","BT324QH"
"2015-11",-5.972367,54.676937,"ANTRIM ROAD","Other theft","BT152AH"
"2016-03",-5.716178,54.329325,"CHURCH AVENUE","Criminal damage and arson","BT330NB"
"2017-05",-5.851088,54.612624,"GLEN EBOR PARK","Anti-social behaviour","BT42JJ"
"2016-09",-5.937118,54.69203,"WOODFORD ROAD","Robbery","BT366TS"
"2015-08",-6.230421,54.479666,"CASTLEVUE GARDENS","Anti-social behaviour","BT670JU"
"2016-01",-5.929696,54.607175,"GREAT GEORGES STREET","Anti-social behaviour","BT343HS"
"2016-09",-5.932058,54.580143,"COLENSO PARADE","Other theft","BT95BB"
"2017-02",-6.340872,54.183588,"PLUNKETT MEWS","Anti-social behaviour","BT356TZ"
"2016-04",-5.903294,54.592353,"ISTHMUS STREET","Anti-social behaviour","BT69AS"
"2016-03",-6.781801,54.508439,"ANNAGOLE","Anti-social behaviour","BT701UA"
"2016-04",-6.898163,54.971611,"GELVIN ROAD","Criminal damage and arson","BT515DJ"
"2015-06",-6.001647,54.552678,"HILL STREET","Public order","BT12LB"
"2016-12",-6.651437,55.137525,"LISNABLAGH ROAD","Burglary","BT522HF"
"2017-04",-6.1504,54.413076,"RAMPART STREET","Anti-social behaviour","BT251AG"
"2016-06",-5.88587,54.591789,"KENSINGTON AVENUE","Criminal damage and arson","BT324JH"
"2016-11",-6.578692,54.190152,"LIR GROVE","Criminal damage and arson","BT350RA"
"2015-12",-6.507024,55.066651,"RACEVIEW PLACE","Other theft","BT537UJ"
"2016-04",-5.748603,54.823711,"MILLBAY ROAD","Burglary","BT403RG"
"2015-08",-6.001698,54.064688,"ROONEY ROAD","Shoplifting","BT344AG"
"2015-04",-5.874591,54.60365,"EDGCUMBE GARDENS","Other theft","BT42EG"
"2016-06",-7.307933,55.040405,"BALLYARNETT VILLAGE","Anti-social behaviour","BT488SB"
"2017-05",-5.93264,54.600091,"CHAPEL LANE","Bicycle theft","BT319PQ"
"2015-06",-5.906541,54.593901,"THE MOUNT","Criminal damage and arson","BT54NA"
"2015-07",-5.64117,54.649176,"KINGSMERE PARK","Other theft","BT196FQ"
"2016-06",-5.931955,54.603844,"UNION STREET","Violence and sexual offences","BT536HT"
"2017-06",-5.943857,54.762064,"LEGALOY ROAD","Burglary","BT399PS"
"2015-03",-6.751212,54.494912,"GORTMERRON LINK","Criminal damage and arson","BT716LS"
"2017-01",-5.957816,54.620241,"DEERPARK ROAD","Criminal damage and arson","BT147PX"
"2017-06",-6.934102,55.044424,"ANDERSON PARK","Anti-social behaviour","BT390PA"
"2015-07",-7.286481,55.001198,"SEYMOUR GARDENS","Possession of weapons","BT476ND"
"2016-10",-7.349255,55.020386,"O'CONNOR COURT","Criminal damage and arson","BT480PT"
"2017-03",-7.323641,55.001221,"CLARENDON STREET","Violence and sexual offences","BT487ET"
"2017-10",-5.878025,54.589109,"ORANGEFIELD GREEN","Anti-social behaviour","BT56DT"
"2017-08",-6.665096,54.908924,"MAIN STREET","Vehicle crime","BT936HW"
"2015-11",-6.05206,54.510391,"GOVERNORS RD ROUNDABOUT","Anti-social behaviour","BR925BN"
"2017-06",-5.923651,54.659606,"GLENMOUNT ROAD","Anti-social behaviour","BT367QJ"
"2016-02",-5.934882,54.589437,"DONEGALL ROAD","Theft from the person","BT126HN"
"2016-03",-5.958946,54.674636,"HILLVIEW DRIVE","Violence and sexual offences","BT388YS"
"2016-08",-6.278889,54.864986,"GEORGE STREET","Anti-social behaviour","BT666BL"
"2017-04",-6.345557,54.17712,"PATRICK STREET","Anti-social behaviour","BT358EB"
"2017-07",-5.963609,54.683071,"ST. ANNES MEWS","Criminal damage and arson","BT365GR"
"2017-08",-5.941064,54.601834,"BOUNDARY STREET","Anti-social behaviour","BT132EJ"
"2016-04",-6.003706,54.682849,"THE POPLARS","Violence and sexual offences","BT364QP"
"2017-05",-5.931754,54.598036,"FOUNTAIN STREET","Shoplifting","BT414BB"
"2015-05",-6.028856,54.556116,"BELL STEELE ROAD","Criminal damage and arson","BR925BN"
"2015-04",-7.473778,54.829522,"LIFFORD ROAD","Shoplifting","BT828ER"
"2017-05",-6.00302,54.552422,"VICTORIA GARDENS","Anti-social behaviour","BT679AZ"
"2016-08",-7.321935,54.996721,"MAGAZINE STREET","Anti-social behaviour","BT486HH"
"2015-02",-6.341618,54.182933,"CHEQUER HILL","Violence and sexual offences","BT356DY"
"2017-09",-6.614172,54.749047,"LESTER PARK","Violence and sexual offences","BT456HB"
"2015-06",-7.316116,55.02837,"BRADLEY PARK","Criminal damage and arson","BT488PU"
"2017-09",-6.498332,54.478297,"DERRYKEERAN ROAD","Criminal damage and arson","BT621UQ"
"2016-07",-5.993975,54.580485,"COOLNASILLA PARK EAST","Anti-social behaviour","BT118LA"
"2017-05",-6.445408,54.372249,"THE ROSE GARDEN","Anti-social behaviour","BT179GY"
"2017-10",-5.902702,54.593942,"UPPER FRANK STREET","Burglary","BT54NR"
"2015-01",-6.178567,54.704148,"BELFAST ROAD","Shoplifting","BT248EB"
"2015-02",-6.254606,54.345355,"CHINAULEY PARK","Criminal damage and arson","BT324JL"
"2017-10",-6.456721,54.461951,"DERRYCARNE ROAD","Anti-social behaviour","BT621PT"
"2017-02",-5.925203,54.602102,"VICTORIA STREET","Public order","BT679DG"
"2016-01",-6.012635,54.755224,"MERION PARK","Anti-social behaviour","BT399XD"
"2016-03",-6.053608,54.496022,"SPRINGBURN PARK","Anti-social behaviour","BT275QZ"
"2015-09",-7.321576,54.997635,"WILLIAM STREET","Anti-social behaviour","BT486EP"
"2015-12",-6.77009,54.508707,"QUARRY LANE","Anti-social behaviour","BT701HX"
"2017-06",-5.812307,54.718457,"SUNNYLANDS AVENUE","Anti-social behaviour","BT388JG"
"2017-12",-6.396885,54.189297,"FATHER CULLEN PARK","Criminal damage and arson","BT357AY"
"2016-07",-5.914401,54.660166,"ARMOY GARDENS","Anti-social behaviour","BT379AU"
"2015-05",-6.004689,54.747483,"AVONDALE DRIVE","Violence and sexual offences","BT399EB"
"2016-11",-5.86406,54.59668,"BELMONT CHURCH ROAD","Criminal damage and arson","BT43FF"
"2017-10",-5.63281,54.64904,"ASHBURY ROAD","Anti-social behaviour","BT196TX"
"2016-08",-5.926474,54.592618,"JOY STREET","Criminal damage and arson","BT28LE"
"2015-08",-6.345557,54.17712,"PATRICK STREET","Anti-social behaviour","BT358EB"
"2015-08",-6.281327,54.865182,"SMITHFIELD PLACE","Anti-social behaviour","BT435HB"
"2016-10",-7.473778,54.829522,"LIFFORD ROAD","Anti-social behaviour","BT828ER"
"2017-06",-5.966384,54.568595,"BALMORAL AVENUE","Other theft","BT96NY"
"2016-02",-5.703865,54.581535,"BRISTOL PARK","Other crime","BT234RH"
"2016-10",-6.760808,54.517991,"COALISLAND ROAD","Criminal damage and arson","BT716JT"
"2017-05",-5.92577,54.600378,"CHURCH LANE","Anti-social behaviour","BT14QN"
"2015-03",-5.927653,54.600778,"WARING STREET","Anti-social behaviour","BT424BU"
"2017-06",-7.192074,54.856791,"SALLOWILLY ROAD","Anti-social behaviour","BT474JG"
"2016-05",-5.911225,54.554384,"WOODBREDA CRESCENT","Anti-social behaviour","BT87JL"
"2017-11",-6.348536,54.456163,"DINGWELL PARK","Violence and sexual offences","BT668PS"
"2015-08",-7.132058,54.429684,"CASTLEHILL GARDENS","Anti-social behaviour","BT536TN"
"2016-12",-6.346725,54.455968,"TAGHNEVAN DRIVE","Violence and sexual offences","BT668SY"
"2015-01",-5.942758,54.613669,"MANOR CLOSE","Violence and sexual offences","BT146DJ"
"2016-05",-5.944429,54.583885,"MOUNT PROSPECT PARK","Anti-social behaviour","BT97BG"
"2016-10",-7.971575,54.501182,"BOA ISLAND ROAD","Other theft","BT933EP"
"2017-12",-5.890845,54.558703,"GARLAND AVENUE","Violence and sexual offences","BT666JH"
"2017-07",-5.682098,54.652357,"CLANDEBOYE ROAD","Anti-social behaviour","BT191AA"
"2017-11",-6.008529,54.570995,"MIZEN GARDENS","Anti-social behaviour","BT119GQ"
"2017-09",-6.335317,54.463484,"CHURCH PLACE","Anti-social behaviour","BT666EU"
"2016-03",-5.821131,54.850669,"POINT STREET","Anti-social behaviour","BT401HU"
"2017-12",-5.959461,54.592648,"THAMES STREET","Other theft","BT126AP"
"2015-07",-6.277404,54.859269,"QUEEN STREET","Anti-social behaviour","BT422BQ"
"2016-06",-6.71729,55.184651,"ENFIELD STREET","Violence and sexual offences","BT133DH"
"2017-04",-7.642306,54.346688,"WESLEY STREET","Anti-social behaviour","BT274TB"
"2017-07",-6.325402,54.137289,"FLAGSTAFF ROAD","Criminal damage and arson","BT358NR"
"2015-05",-5.966246,54.589384,"ST. JAMES'S AVENUE","Possession of weapons","BR925BN"
"2017-03",-5.925679,54.654178,"ARTHUR AVENUE","Vehicle crime","BT367EJ"
"2017-11",-6.660343,55.147864,"OAKVALE PARK","Anti-social behaviour","BT522QX"
"2016-07",-5.930439,54.592551,"BANKMORE STREET","Anti-social behaviour","BT71AQ"
"2015-05",-5.84743,54.258651,"DERINILLA LANE","Anti-social behaviour","BT330SY"
"2017-02",-5.931799,54.57853,"SANDHURST DRIVE","Drugs","BT95AY"
"2016-08",-5.927881,54.588985,"PINE WAY","Criminal damage and arson","BT71JF"
"2016-05",-6.19768,54.716761,"OAKDALE MANOR","Anti-social behaviour","BT411QA"
"2017-07",-5.891714,54.203184,"CENTRAL PROMENADE","Violence and sexual offences","BT330EU"
"2015-12",-6.055958,54.516411,"BENTRIM COURT","Anti-social behaviour","BT283YP"
"2016-08",-5.923358,54.600947,"QUEENS SQUARE","Anti-social behaviour","BT13FF"
"2017-05",-6.653348,55.20695,"ATLANTIC AVENUE","Anti-social behaviour","BT152HN"
"2015-12",-6.426071,54.41791,"FIVE ACRES","Violence and sexual offences","BT829JD"
"2016-11",-5.914643,54.569808,"ST. JOHNS AVENUE","Other theft","BR925BN"
"2017-01",-6.769238,54.499571,"FAIRFIELD ESTATE","Anti-social behaviour","BT717AZ"
"2016-02",-6.669696,55.131689,"NEW ROW","Shoplifting","BT521AF"
"2015-01",-6.655681,55.208098,"MARK STREET","Violence and sexual offences","BT234DT"
"2016-07",-6.670481,54.352056,"CATHEDRAL ROAD","Violence and sexual offences","BT617QX"
"2015-09",-6.322712,54.756343,"STARFIELD","Violence and sexual offences","BT413BU"
"2016-09",-6.387134,55.127252,"BALLYKENVER ROAD","Criminal damage and arson","BT538PZ"
"2017-08",-7.310228,54.988804,"FOUNTAIN HILL","Anti-social behaviour","BT472BU"
"2016-11",-5.719363,54.32846,"ENGLISH STREET","Criminal damage and arson","BT306AB"
"2015-07",-5.915195,54.658886,"ARDGART PLACE","Other theft","BT379AW"
"2017-03",-6.225011,54.61936,"LAURELVALE","Criminal damage and arson","BT294WN"
"2015-10",-6.270374,54.85323,"LETTERCREEVE","Anti-social behaviour","BT422EU"
"2016-01",-5.944679,54.626829,"OLD WESTLAND ROAD","Anti-social behaviour","BT146TE"
"2017-01",-6.745616,54.445819,"SYERLA ROAD","Burglary","BT717EP"
"2016-08",-6.032504,54.51374,"PARKVIEW","Anti-social behaviour","BT274XY"
"2016-02",-6.516241,55.067572,"CASTLE STREET","Anti-social behaviour","BT307QQ"
"2017-04",-6.333947,54.192746,"ASHGROVE PARK","Anti-social behaviour","BT341QL"
"2016-12",-6.654911,54.352216,"LISANALLY LANE","Shoplifting","BT617HE"
"2016-10",-7.631751,54.343988,"ROUNDABOUT","Shoplifting","BR925BN"
"2016-01",-6.328364,54.477413,"NORTH CIRCULAR ROAD","Possession of weapons","BT679EB"
"2017-03",-6.480367,54.955859,"RHENCULLEN PARK","Violence and sexual offences","BT448QR"
"2017-03",-5.925697,54.546421,"GREER PARK AVENUE","Drugs","BT87YF"
"2017-07",-5.942052,54.614457,"CLIFTONPARK AVENUE","Anti-social behaviour","BT146DT"
"2015-04",-7.32113,55.030536,"BROOKDALE PARK","Vehicle crime","BT488HQ"
"2016-06",-5.931023,54.687137,"BALLYDUFF CLOSE","Anti-social behaviour","BT366XW"
"2015-07",-5.961805,54.590325,"IVEAGH DRIVE","Violence and sexual offences","BT323YE"
"2017-02",-5.892117,54.575384,"STIRLING GARDENS","Criminal damage and arson","BT69LW"
"2016-09",-5.958594,54.596372,"EARLSCOURT STREET","Violence and sexual offences","BT127AS"
"2017-10",-5.887872,54.597934,"WESTMINISTER AVENUE","Violence and sexual offences","BR925BN"
"2016-11",-6.161169,54.238078,"MAIN STREET","Anti-social behaviour","BT936HW"
"2015-04",-5.933083,54.595336,"BRUNSWICK STREET","Criminal damage and arson","BT27GE"
"2015-01",-7.278588,54.598109,"HOSPITAL ROAD","Violence and sexual offences","BT358PW"
"2015-09",-7.321576,54.997635,"WILLIAM STREET","Violence and sexual offences","BT486EP"
"2015-03",-5.929744,54.654688,"LONGLANDS COURT","Anti-social behaviour","BT367TL"
"2015-11",-5.663982,54.4098,"PARK AVENUE","Criminal damage and arson","BT41JJ"
"2015-12",-5.962313,54.62754,"WALLASEY PARK","Anti-social behaviour","BT146PN"
"2017-08",-6.925829,54.927958,"NEW STREET","Violence and sexual offences","BT413AF"
"2015-08",-5.959023,54.671574,"BALLYCLARE ROAD","Anti-social behaviour","BT365EA"
"2017-12",-5.71725,54.588114,"OLD BELFAST ROAD","Burglary","BT191LU"
"2016-12",-5.951333,54.696197,"THE GLADE","Anti-social behaviour","BT365NW"
"2016-01",-6.023044,54.559948,"STEWARTSTOWN ROAD","Vehicle crime","BT714PF"
"2017-05",-6.270588,54.347849,"NEWRY STREET","Shoplifting","BT344DN"
"2016-03",-5.755092,54.772948,"LISLAYNAN","Violence and sexual offences","BT389GZ"
"2016-11",-5.941149,54.582365,"WELLINGTON PARK","Violence and sexual offences","BT96DP"
"2016-10",-5.937323,54.633874,"FORTWILLIAM DRIVE","Violence and sexual offences","BT154EB"
"2015-05",-6.328017,54.460203,"HIGH STREET","Violence and sexual offences","BT248AB"
"2016-03",-7.355168,55.014382,"BARRS LANE","Criminal damage and arson","BR925BN"
"2015-12",-6.022624,54.567668,"PEMBROKE MANOR","Anti-social behaviour","BT170GW"
"2015-12",-7.465774,54.826433,"MAIN STREET","Anti-social behaviour","BT936HW"
"2016-06",-6.734354,54.651711,"THE DALES","Anti-social behaviour","BT808TF"
"2016-09",-6.03365,54.697606,"MILLBANK ROAD","Possession of weapons","BT390AS"
"2016-01",-6.919244,55.041365,"ROSSMARA","Anti-social behaviour","BT490UA"
"2017-03",-5.974611,54.593226,"WESTROCK PLACE","Other theft","BT127QZ"
"2015-09",-7.464629,54.825978,"MAIN STREET","Anti-social behaviour","BT936HW"
"2016-01",-5.889211,54.584929,"CASTLEREAGH ROAD","Anti-social behaviour","BT55FZ"
"2016-05",-5.687848,54.645242,"MEADOWVALE DRIVE","Criminal damage and arson","BT191HP"
"2017-04",-6.382441,54.446101,"LISMARA","Criminal damage and arson","BT654BE"
"2015-12",-5.961602,54.683208,"ST. ANNES CRESCENT","Violence and sexual offences","BT365JZ"
"2015-11",-5.539715,54.629005,"DORMANS POINT","Violence and sexual offences","BT210JW"
"2016-06",-6.701825,54.540623,"THE SQUARE","Anti-social behaviour","BT717SG"
"2017-03",-6.037107,54.510185,"STANNUS PLACE","Anti-social behaviour","BT275AP"
"2017-03",-6.33911,54.463905,"THORNLEIGH","Anti-social behaviour","BT666ER"
"2017-10",-5.935589,54.606961,"CLIFTON STREET","Criminal damage and arson","BT131AA"
"2017-03",-7.357802,54.182507,"MAIN STREET","Anti-social behaviour","BT936HW"
"2017-07",-6.335466,54.466271,"CLARA STREET","Violence and sexual offences","BT679AP"
"2017-10",-6.948169,55.043118,"ROE MILL GARDENS","Violence and sexual offences","BT499AU"
"2017-10",-5.685271,54.655418,"BELFAST ROAD","Violence and sexual offences","BT248EB"
"2016-05",-5.950646,54.596857,"LEESON STREET","Violence and sexual offences","BT124LF"
"2016-09",-5.96872,54.588168,"ST. JAMES'S PARADE","Other theft","BR925BN"
"2016-10",-5.701603,54.322444,"DEMESNE WAY","Criminal damage and arson","BT306WJ"
"2017-05",-6.520131,55.074563,"ST JAMES'S PARK","Violence and sexual offences","BT536FD"
"2015-06",-6.328747,54.167831,"BARLEY LANE","Violence and sexual offences","BT342DZ"
"2015-07",-6.653291,55.197472,"HOPEFIELD CRESCENT","Violence and sexual offences","BT568LH"
"2017-06",-6.676073,55.13183,"STRAND ROAD","Violence and sexual offences","BT487AD"
"2015-02",-6.665202,55.134335,"UNION STREET","Anti-social behaviour","BT536HT"
"2015-08",-5.937646,54.597813,"KILLEN STREET","Violence and sexual offences","BR925BN"
"2016-09",-7.335526,54.995951,"BRICKFIELD COURT","Criminal damage and arson","BT489PW"
"2015-06",-5.543164,54.638079,"BEECHFIELD DRIVE","Anti-social behaviour","BT210BA"
"2016-11",-5.959931,54.540831,"EDENDERRY COTTAGES","Criminal damage and arson","BT88RY"
"2017-11",-7.32083,54.997442,"MAGAZINE STREET","Violence and sexual offences","BT486HH"
"2017-05",-6.526164,55.204616,"PRIESTLAND ROAD","Anti-social behaviour","BT578XB"
"2016-01",-6.671032,55.129224,"UPPER ABBEY STREET","Violence and sexual offences","BT521BF"
"2015-03",-6.052203,54.517761,"BELLEVUE DRIVE","Criminal damage and arson","BT283DJ"
"2016-12",-5.927357,54.5862,"UNIVERSITY STREET","Anti-social behaviour","BT71HP"
"2015-03",-6.441213,54.422032,"SANDY ROW","Criminal damage and arson","BT125EU"
"2015-01",-5.934292,54.600173,"BERRY STREET","Shoplifting","BT11FJ"
"2016-12",-6.270978,54.347702,"THE CUT","Other crime","BT324EW"
"2015-04",-6.744175,54.647762,"UNION PLACE","Criminal damage and arson","BT701DL"
"2015-05",-6.22553,54.481086,"MAIN STREET","Anti-social behaviour","BT936HW"
"2016-10",-5.848176,54.259069,"DROMARA ROAD","Violence and sexual offences","BT266PE"
"2016-07",-7.285841,54.972144,"ELM CLOSE","Anti-social behaviour","BT473DG"
"2016-05",-5.928221,54.608794,"EARL CLOSE","Shoplifting","BT151DF"
"2015-05",-6.771943,54.504081,"SHAMBLE LANE","Anti-social behaviour","BT701BW"
"2016-04",-5.87998,54.603304,"STRANDBURN DRIVE","Violence and sexual offences","BT41NA"
"2016-09",-6.03365,54.697606,"MILLBANK ROAD","Other theft","BT390AS"
"2015-04",-6.028517,54.554503,"ALTAN WALK","Other theft","BT170UH"
"2015-02",-6.741795,54.637038,"COOKE CRESCENT","Criminal damage and arson","BT808LD"
"2015-10",-6.637117,55.196043,"BALLYWILLIN CRESCENT","Violence and sexual offences","BT568GJ"
"2016-07",-5.671591,54.650457,"WHITEHILL AVENUE","Anti-social behaviour","BT204DY"
"2015-10",-7.316621,55.024375,"CARNHILL","Anti-social behaviour","BT488BA"
"2015-12",-5.813151,54.724394,"DRUMHOY DRIVE","Anti-social behaviour","BT388NL"
"2016-08",-6.332128,54.462263,"CASTLE LANE","Violence and sexual offences","BT235EB"
"2015-10",-5.973239,54.592494,"BRITTONS PARADE","Violence and sexual offences","BT127PJ"
"2015-10",-6.346046,54.177531,"MONAGHAN STREET","Criminal damage and arson","BT356AA"
"2017-03",-6.331924,54.46501,"WELLINGTON STREET","Violence and sexual offences","BT436AH"
"2016-02",-5.46732,54.442273,"CASTLE MEADOW ROAD","Violence and sexual offences","BT221GA"
"2017-04",-7.321669,54.600487,"BROOK VALLEY","Anti-social behaviour","BT785AG"
"2017-12",-5.673117,54.648698,"ABBOT'S CLOSE","Anti-social behaviour","BT204EN"
"2015-03",-7.318823,54.996883,"FOYLE STREET","Other theft","BT486XY"
"2015-12",-6.750354,54.632688,"OLD RECTORY GLEN","Anti-social behaviour","BT809XX"
"2016-06",-5.926442,54.584423,"RUGBY AVENUE","Anti-social behaviour","BT203PZ"
"2016-05",-5.890513,54.221934,"BURRENDALE PARK ROAD","Drugs","BT330JE"
"2016-09",-5.902013,54.592286,"TAMERY PASS","Anti-social behaviour","BT69EJ"
"2017-06",-7.123752,54.429004,"HILLSIDE CRESCENT","Burglary","BT324NT"
"2015-10",-6.788278,54.791895,"GLENELLY VILLAS","Anti-social behaviour","BT457AX"
"2015-09",-5.795715,54.502285,"OAKDALE","Anti-social behaviour","BT235TT"
"2015-10",-5.925203,54.602102,"VICTORIA STREET","Anti-social behaviour","BT679DG"
"2017-06",-5.716178,54.329325,"CHURCH AVENUE","Violence and sexual offences","BT330NB"
"2016-06",-5.889926,54.211501,"MAIN STREET","Violence and sexual offences","BT936HW"
"2017-04",-5.831646,54.639358,"CHURCH HILL","Anti-social behaviour","BT309QR"
"2015-07",-5.895581,54.530078,"SAINTFIELD ROAD","Other crime","BT88SG"
"2017-05",-5.934143,54.590584,"GREAT VICTORIA STREET","Anti-social behaviour","BT27AG"
"2015-10",-5.910368,54.545456,"ROYAL LODGE ROAD","Burglary","BT87UL"
"2016-04",-6.284773,54.863254,"GALGORM ROAD","Anti-social behaviour","BT421AA"
"2017-06",-5.676803,54.660674,"BRYANSBURN ROAD","Other theft","BT203SD"
"2016-11",-5.939321,54.621005,"ROSEMOUNT GARDENS","Criminal damage and arson","BT155AG"
"2017-08",-5.960639,54.600027,"MILLENNIUM WAY","Criminal damage and arson","BT127AL"
"2016-04",-5.654656,54.652304,"GLENDALE AVENUE","Other theft","BT204UG"
"2017-06",-5.753382,54.602619,"BELFAST ROAD","Anti-social behaviour","BT248EB"
"2016-11",-6.452705,54.32796,"CLOGHOGE ROAD","Other theft","BT622HB"
"2015-01",-5.931238,54.597228,"DONEGALL SQUARE NORTH","Anti-social behaviour","BT15GB"
"2017-05",-5.684598,54.592579,"QUEENS SQUARE","Possession of weapons","BT13FF"
"2015-10",-5.56223,54.536125,"CUAN GARDENS","Criminal damage and arson","BT222QG"
"2016-03",-5.933011,54.599199,"QUEEN STREET","Other theft","BT422BQ"
"2017-05",-7.326428,55.039108,"LOWER GALLIAGH ROAD","Drugs","BT488LN"
"2016-11",-5.813935,54.720212,"SUNNYLANDS AVENUE","Anti-social behaviour","BT388JG"
"2016-01",-5.648154,54.40589,"COMBER ROAD","Violence and sexual offences","BT88AN"
"2015-07",-5.952162,54.599641,"FALLS COURT","Criminal damage and arson","BT132SW"
"2015-05",-6.656237,54.352608,"LOWER ENGLISH STREET","Anti-social behaviour","BT617LJ"
"2017-01",-5.934027,54.599306,"MARQUIS STREET","Drugs","BT234DX"
"2017-06",-6.330091,54.464185,"WELLINGTON STREET","Anti-social behaviour","BT436AH"
"2015-12",-5.940849,54.56899,"HILLSIDE DRIVE","Criminal damage and arson","BT344JF"
"2016-11",-5.941049,54.626354,"SALISBURY AVENUE","Criminal damage and arson","BT155DY"
"2016-05",-6.510977,55.072323,"TRINITY DRIVE","Anti-social behaviour","BT536EQ"
"2016-08",-5.478383,54.487749,"VICTORIA ROAD","Anti-social behaviour","BT41QU"
"2015-09",-5.88813,54.593257,"BEERSBRIDGE ROAD","Shoplifting","BT55DY"
"2015-03",-6.272573,54.860808,"EDWARD STREET","Criminal damage and arson","BT666DD"
"2017-06",-5.837279,54.641508,"HIBERNIA STREET","Anti-social behaviour","BT189JE"
"2015-02",-5.713303,54.315208,"ARDILEA PARK","Drugs","BT306QA"
"2015-07",-5.899854,54.586435,"WOODSTOCK ROAD","Violence and sexual offences","BT69DR"
"2015-01",-5.890159,54.550434,"ROSSDALE HEIGHTS","Drugs","BT86XZ"
"2015-04",-6.654967,54.347697,"CASTLE STREET","Anti-social behaviour","BT307QQ"
"2015-08",-6.398089,55.199345,"STRAID ROAD","Burglary","BT578XW"
"2017-10",-6.576276,54.190896,"ARMAGH STREET","Anti-social behaviour","BT350BY"
"2016-10",-5.94134,54.60802,"FLORENCE COURT","Violence and sexual offences","BT131EY"
"2016-09",-5.958365,54.580527,"WILDFLOWER WAY","Other theft","BT126TA"
"2016-04",-5.948835,54.599028,"NORTH HOWARD STREET","Other theft","BT132AU"
"2017-08",-5.710904,54.778196,"BALLYSTRUDDER GARDENS","Anti-social behaviour","BT403SU"
"2017-07",-7.47387,54.78776,"CHURCHSIDE COURT","Anti-social behaviour","BT829SR"
"2016-09",-6.025879,54.565259,"COLINMILL","Violence and sexual offences","BT170AP"
"2017-07",-5.921861,54.618182,"GLASGOW STREET","Anti-social behaviour","BT153JA"
"2016-04",-5.922608,54.585579,"HATFIELD STREET","Violence and sexual offences","BT72FD"
"2017-03",-6.460685,54.41345,"CRAWFORD PARK","Criminal damage and arson","BT623QW"
"2017-04",-5.914058,54.570957,"ROSETTA AVENUE","Violence and sexual offences","BT73HG"
"2015-08",-7.321935,54.996721,"MAGAZINE STREET","Criminal damage and arson","BT486HH"
"2015-12",-5.923999,54.598389,"VICTORIA SQUARE","Drugs","BT14QG"
"2015-07",-6.549252,55.215035,"BAYHEAD ROAD","Burglary","BT578RZ"
"2017-09",-7.279866,54.608995,"MULLAGHMORE DRIVE","Violence and sexual offences","BT797PG"
"2016-09",-5.946404,54.626103,"OLD WESTLAND ROAD","Anti-social behaviour","BT146TE"
"2016-08",-5.89915,54.601904,"MEDWAY STREET","Anti-social behaviour","BT41GP"
"2016-04",-7.315179,54.599058,"STRULE PARK","Anti-social behaviour","BT785HW"
"2017-12",-5.943393,54.62563,"CAVEHILL ROAD","Violence and sexual offences","BT155EY"
"2017-09",-6.276779,54.335889,"BANNVIEW MEWS","Shoplifting","BT323PZ"
"2017-03",-6.035273,54.08766,"AUGHRIM ROAD","Violence and sexual offences","BT344HR"
"2017-08",-5.743578,54.547904,"KILLINCHY STREET","Vehicle crime","BT235AP"
"2016-07",-5.942323,54.615216,"MANOR STREET","Anti-social behaviour","BT146ED"
"2017-08",-6.2265,54.73201,"MEADOW LANDS","Violence and sexual offences","BT414EX"
"2016-08",-6.001034,54.43464,"RIVERDALE","Burglary","BT422JB"
"2016-10",-5.944851,54.60684,"AGNES CLOSE","Anti-social behaviour","BT131DJ"
"2015-05",-7.279064,55.010442,"MADAM'S BANK ROAD","Drugs","BR925BN"
"2015-09",-5.955155,54.678804,"PEMBROOKE COURT","Anti-social behaviour","BT365AD"
"2015-02",-6.659941,55.19724,"WEST STRAND ROAD","Criminal damage and arson","BT568ET"
"2016-09",-5.943791,54.597163,"LADY STREET","Drugs","BT124JX"
"2015-03",-6.338912,54.464216,"RECTORY ROAD","Other theft","BT666HW"
"2017-02",-6.044715,55.126135,"SHANES PARK","Violence and sexual offences","BT440PW"
"2015-09",-7.628692,54.359188,"DRUMBEG","Burglary","BT655AE"
"2016-03",-5.937238,54.588138,"BLONDIN STREET","Violence and sexual offences","BR925BN"
"2017-10",-7.319958,54.994473,"CARLISLE ROAD","Criminal damage and arson","BT152PT"
"2015-03",-5.891576,54.220039,"CASTLEWELLAN ROAD","Anti-social behaviour","BT308RD"
"2017-03",-5.895581,54.530078,"SAINTFIELD ROAD","Other theft","BT88SG"
"2015-02",-6.251798,54.859702,"STAFFA DRIVE","Anti-social behaviour","BT424EH"
"2017-10",-6.42677,54.419365,"CLANBRASSIL DRIVE","Violence and sexual offences","BT635EH"
"2015-01",-5.932157,54.590702,"SALISBURY COURT","Vehicle crime","BT71DD"
"2017-02",-7.317437,55.013179,"PENNYBURN COURT","Shoplifting","BT480RT"
"2015-08",-6.035936,54.559673,"ARDCAOIN AVENUE","Other theft","BT170UN"
"2015-01",-5.917135,54.660959,"ARDFARN CLOSE","Criminal damage and arson","BT379AN"
"2015-11",-7.091174,54.586309,"MULLASLIN ROAD","Anti-social behaviour","BT799PQ"
"2016-03",-6.331507,54.192084,"KENARD VILLAS","Burglary","BT341LQ"
"2017-04",-6.026845,54.55488,"STEWARTSTOWN ROAD","Criminal damage and arson","BT714PF"
"2017-04",-6.032504,54.51374,"PARKVIEW","Anti-social behaviour","BT274XY"
"2015-11",-5.937639,54.584479,"ELMWOOD AVENUE","Violence and sexual offences","BT96AZ"
"2015-02",-7.164345,54.414999,"FERNDALE","Other theft","BT829TH"
"2016-01",-5.942436,54.622181,"CAVEHILL ROAD","Violence and sexual offences","BT155EY"
"2017-12",-5.93543,54.595116,"GLENGALL STREET","Other theft","BT125AB"
"2017-03",-6.436767,54.426692,"WATSON STREET","Anti-social behaviour","BT635AQ"
"2016-10",-6.048862,54.745516,"KILBRIDE ROAD","Violence and sexual offences","BT306JS"
"2015-11",-7.177883,55.028287,"COTTAGE PARK","Other theft","BT473YR"
"2017-07",-5.923359,54.580866,"DELHI STREET","Violence and sexual offences","BT73AL"
"2016-11",-6.29341,54.461336,"GILPIN PARK","Violence and sexual offences","BT667JZ"
"2015-08",-7.314054,54.612616,"CLONMORE GARDENS","Criminal damage and arson","BT797XB"
"2015-05",-7.674452,54.328183,"ASHWOODS ROAD","Other theft","BT745HL"
"2015-12",-5.920198,54.669556,"INNISCARN DRIVE","Violence and sexual offences","BT379JR"
"2016-12",-6.744066,54.635705,"GORTALOWRY PARK","Drugs","BT808JJ"
"2016-10",-6.934136,55.043131,"DRUMACHOSE PARK","Violence and sexual offences","BT490NZ"
"2015-03",-6.339832,54.886722,"ELMWOOD","Anti-social behaviour","BT435PY"
"2017-11",-5.821693,54.718528,"KILLALOE","Other theft","BT388FL"
"2017-09",-6.332708,54.45104,"BEN CROM","Other crime","BT668NA"
"2017-12",-6.057348,54.594763,"TORNAROY ROAD","Criminal damage and arson","BT170ND"
"2017-07",-7.627793,54.343024,"TEMPO ROAD","Anti-social behaviour","BT746HR"
"2015-10",-5.934622,54.595794,"HOWARD STREET","Other theft","BT16PJ"
"2015-02",-6.216192,54.72141,"VALIANT COURT","Criminal damage and arson","BT414HY"
"2017-01",-7.30036,55.018983,"GLENEAGLES","Anti-social behaviour","BT449PQ"
"2017-03",-5.609922,54.262827,"DOWNPATRICK ROAD","Anti-social behaviour","BT307LZ"
"2015-10",-6.306494,54.379742,"LAWRENCEVALE","Anti-social behaviour","BT636EN"
"2015-02",-5.9336,54.5946,"AMELIA STREET","Violence and sexual offences","BT27GS"
"2015-03",-7.329494,55.033502,"TEMPLE PARK","Anti-social behaviour","BT488PN"
"2015-08",-6.664563,55.139843,"WILLOW DRIVE","Violence and sexual offences","BT522AY"
"2015-01",-6.320951,54.455379,"BANBRIDGE ROAD","Anti-social behaviour","BT252NF"
"2016-12",-5.896849,54.588018,"ARDGOWAN DRIVE","Anti-social behaviour","BT69BY"
"2015-09",-5.955571,54.617462,"JAMAICA ROAD","Criminal damage and arson","BT147QW"
"2016-07",-5.933433,54.617122,"CLANCHATTAN STREET","Anti-social behaviour","BT153AX"
"2016-06",-5.964457,54.625842,"WALLASEY PARK","Criminal damage and arson","BT146PN"
"2017-04",-6.654342,55.205424,"KERR STREET","Anti-social behaviour","BT568DQ"
"2016-11",-6.65275,54.346343,"LINENHALL STREET","Anti-social behaviour","BT490HQ"
"2016-09",-5.90192,54.671371,"CAMBRAI DRIVE","Anti-social behaviour","BT667QT"
"2016-12",-6.280055,54.863583,"CLONAVON TERRACE","Criminal damage and arson","BT435BE"
"2015-06",-5.825352,54.640027,"CHURCH AVENUE","Anti-social behaviour","BT330NB"
"2015-12",-6.221591,54.733502,"TIREE STREET","Criminal damage and arson","BT412TD"
"2015-01",-6.185811,54.63221,"NUTTS CORNER ROAD","Violence and sexual offences","BT294SQ"
"2015-07",-6.627293,54.336389,"ARDMORE CLOSE","Violence and sexual offences","BT601JH"
"2017-09",-5.938026,54.615691,"ALLWORTHY AVENUE","Anti-social behaviour","BT146BU"
"2016-09",-5.925779,54.586208,"DUDLEY STREET","Anti-social behaviour","BT71GW"
"2016-08",-6.288382,54.862245,"LEIGHINMOHR AVENUE","Anti-social behaviour","BT422AN"
"2017-06",-5.921112,54.587629,"SHAFTESBURY AVENUE","Violence and sexual offences","BT72ES"
"2017-11",-5.934292,54.600173,"BERRY STREET","Shoplifting","BT11FJ"
"2016-09",-5.957396,54.671852,"CARNMONEY ROAD","Anti-social behaviour","BT366JR"
"2017-09",-5.548054,54.380219,"FERRY STREET","Violence and sexual offences","BT221PB"
"2015-09",-5.93665,54.623925,"GLANDORE DRIVE","Burglary","BT153FG"
"2015-08",-7.312026,54.993278,"BONDS HILL","Robbery","BT476DW"
"2016-06",-6.40621,54.43348,"LISNISKY LANE","Violence and sexual offences","BT635RB"
"2015-01",-5.952361,54.69395,"THE GLADE","Anti-social behaviour","BT365NW"
"2017-04",-5.923546,54.551946,"CASTLEDILLON ROAD","Shoplifting","BT87BH"
"2017-08",-5.867742,54.584858,"CLARAWOOD PARK","Violence and sexual offences","BT56FW"
"2016-02",-6.347227,54.174429,"JOHN MARTIN STREET","Criminal damage and arson","BT358DY"
"2017-02",-5.961345,54.668226,"COLLINBRIDGE COURT","Anti-social behaviour","BT367UZ"
"2017-12",-5.93895,54.598042,"GALWAY STREET","Criminal damage and arson","BT124AF"
"2015-09",-6.777398,54.346089,"ESKER PARK","Anti-social behaviour","BT604LT"
"2017-09",-7.316116,55.02837,"BRADLEY PARK","Anti-social behaviour","BT488PU"
"2016-05",-6.217296,54.721346,"REPULSE COURT","Other theft","BT414HU"
"2017-11",-6.278223,54.865264,"MILL STREET","Drugs","BT941GR"
"2015-12",-6.040631,54.510125,"LINENHALL STREET","Other theft","BT490HQ"
"2015-08",-7.040246,54.465544,"OLD OMAGH ROAD","Violence and sexual offences","BT702AA"
"2016-10",-6.273416,54.848359,"SHANCOOLE","Drugs","BT423DU"
"2017-07",-5.90855,54.587924,"RAVENHILL AVENUE","Criminal damage and arson","BT68LG"
"2015-06",-5.938519,54.620947,"ROSEMOUNT GARDENS","Anti-social behaviour","BT155AG"
"2017-03",-7.471358,54.82422,"CARRICK STRAND","Violence and sexual offences","BT829RN"
"2016-07",-5.675357,54.653171,"NEWTOWNARDS ROAD","Violence and sexual offences","BT41AF"
"2015-08",-6.271421,54.869174,"SUFFOLK STREET","Other theft","BT437DA"
"2015-12",-5.919007,54.68101,"HILLCREST CRESCENT","Anti-social behaviour","BT366EF"
"2017-03",-7.335027,54.611584,"GILLYGOOLY ROAD","Criminal damage and arson","BR925BN"
"2016-02",-5.666548,54.664629,"CROSBY STREET","Criminal damage and arson","BT132HJ"
"2017-04",-6.184973,54.732986,"BUSH ROAD","Anti-social behaviour","BT716QE"
"2016-10",-6.006832,54.063066,"HARBOUR ROAD","Burglary","BT221EA"
"2015-08",-6.554446,54.778113,"PARKER AVENUE","Anti-social behaviour","BT568JZ"
"2016-02",-5.933066,54.591086,"DUBLIN ROAD","Anti-social behaviour","BT358QP"
"2017-10",-5.702731,54.323714,"DEMESNE ROAD","Anti-social behaviour","BT248NS"
"2015-06",-5.847161,54.589363,"KINGS ROAD","Anti-social behaviour","BT57GL"
"2017-03",-6.638605,55.199357,"SUNNYVALE AVENUE","Drugs","BT568JH"
"2017-11",-5.92883,54.627277,"DUNLAMBERT DRIVE","Anti-social behaviour","BT153NF"
"2016-11",-6.179095,54.707597,"ABBEYFIELD PARK","Anti-social behaviour","BT412DH"
"2016-04",-5.845327,54.63405,"STRATHEARN COURT","Criminal damage and arson","BT189NR"
"2017-10",-6.359474,54.37352,"DUNBARTON STREET","Anti-social behaviour","BT636HJ"
"2015-09",-7.311512,54.98679,"ROSECOURT","Burglary","BT472DU"
"2015-06",-7.628588,54.348623,"IRVINESTOWN ROAD","Criminal damage and arson","BT746DN"
"2016-10",-6.007646,54.545032,"YEW TREE WALK","Anti-social behaviour","BT179PG"
"2016-05",-6.349073,54.177294,"WOODHILL","Anti-social behaviour","BT358DP"
"2015-04",-6.298534,54.836792,"SLAGHT ROAD","Criminal damage and arson","BT422JJ"
"2015-05",-5.888872,54.596262,"BLOOMFIELD AVENUE","Violence and sexual offences","BT55AB"
"2015-12",-5.82395,54.850369,"LATHARNA HOUSES","Anti-social behaviour","BT401LL"
"2017-05",-6.279474,54.351606,"BROOKFIELD AVENUE","Violence and sexual offences","BT323BZ"
"2016-12",-6.678039,54.849388,"SUNNYSIDE PARK","Anti-social behaviour","BT465BG"
"2015-05",-5.894482,54.513921,"HILLSBOROUGH ROAD","Anti-social behaviour","BT252BL"
"2016-10",-5.710445,54.326269,"JOHN STREET","Criminal damage and arson","BT486JY"
"2016-12",-5.890707,54.210014,"CASTLE PLACE","Anti-social behaviour","BT785ER"
"2016-08",-5.905306,54.590222,"JOCELYN STREET","Burglary","BT68HL"
"2017-02",-6.006181,54.743042,"MILL ROAD","Other theft","BT344RH"
"2016-06",-6.002199,54.573002,"CONOR RISE","Anti-social behaviour","BT119LP"
"2016-03",-5.959391,54.605181,"MAYO PLACE","Other crime","BT133EG"
"2016-08",-6.271575,54.346677,"OLD KENLIS STREET","Violence and sexual offences","BT323BD"
"2015-10",-5.822796,54.850681,"RIVERDALE","Possession of weapons","BT422JB"
"2015-07",-5.875554,54.602984,"HOLYWOOD ROAD","Burglary","BT41NT"
"2017-12",-5.952522,54.619297,"CLIFTON COURTYARD","Anti-social behaviour","BT146RS"
"2017-10",-5.88346,54.59588,"EVELYN AVENUE","Violence and sexual offences","BT55DE"
"2015-11",-5.667433,54.592123,"ABBOT LINK COURT","Criminal damage and arson","BT238XZ"
"2015-06",-5.975437,54.59528,"SLIABH DUBH VIEW","Anti-social behaviour","BT127RS"
"2016-07",-5.95909,54.607476,"ENFIELD STREET","Anti-social behaviour","BT133DH"
"2017-03",-7.282121,54.972319,"STONEBURN PLACE","Criminal damage and arson","BT473UZ"
"2016-09",-6.069765,54.509857,"BALLINDERRY GARDENS","Criminal damage and arson","BT281SR"
"2017-06",-5.607031,54.266095,"SEAVIEW","Anti-social behaviour","BT343NJ"
"2016-01",-6.751708,54.496875,"BELMOUNT","Anti-social behaviour","BT716BP"
"2015-12",-7.330226,55.005543,"PARK AVENUE","Anti-social behaviour","BT41JJ"
"2015-05",-5.925144,54.610853,"BENTINCK STREET","Other theft","BT151LZ"
"2016-12",-6.219285,54.714583,"MARKET SQUARE","Anti-social behaviour","BT414DN"
"2016-08",-7.32083,54.997442,"MAGAZINE STREET","Criminal damage and arson","BT486HH"
"2017-10",-6.40621,54.43348,"LISNISKY LANE","Possession of weapons","BT635RB"
"2015-12",-5.958078,54.597405,"SPRINGFIELD ROAD","Anti-social behaviour","BT205BZ"
"2016-05",-5.903568,54.21093,"ROWLEY MEADOWS","Violence and sexual offences","BT330RW"
"2016-11",-6.251356,54.103575,"JEMESONS COURT","Violence and sexual offences","BT343TE"
"2015-03",-5.635173,54.647846,"CARLTON PARK","Anti-social behaviour","BT196WR"
"2016-06",-7.132058,54.429684,"CASTLEHILL GARDENS","Violence and sexual offences","BT536TN"
"2017-10",-6.333546,54.179102,"SANDYS STREET","Violence and sexual offences","BT341EN"
"2016-09",-6.266506,54.352022,"CHURCH SQUARE","Other theft","BT345PT"
"2016-04",-7.32689,54.989167,"ORCHARD ROW","Violence and sexual offences","BT486SN"
"2017-07",-6.247935,54.099123,"SEAVIEW","Anti-social behaviour","BT343NJ"
"2016-01",-6.721903,54.605143,"O'NEILL PARK","Anti-social behaviour","BT808UE"
"2017-02",-5.937646,54.597813,"KILLEN STREET","Anti-social behaviour","BR925BN"
"2015-11",-7.270675,55.001625,"BLACKTHORN MANOR","Violence and sexual offences","BT475ST"
"2015-06",-6.438146,54.425694,"BRIDGE STREET","Shoplifting","BT281XZ"
"2015-10",-6.010159,54.570554,"LENADOON AVENUE","Anti-social behaviour","BT119HD"
"2015-07",-8.068663,54.483756,"BOA ISLAND ROAD","Vehicle crime","BT933EP"
"2017-10",-6.784237,54.50231,"ASHDENE","Other theft","BT701JL"
"2017-06",-7.601194,54.711729,"MILLBROOK GARDENS","Anti-social behaviour","BT817DF"
"2015-01",-5.931196,54.594091,"CLARENCE STREET","Other theft","BT435DP"
"2015-03",-5.905185,54.588962,"ROSEBERY ROAD","Anti-social behaviour","BT68JA"
"2016-01",-5.882019,54.575944,"CARNAMENA PARK","Violence and sexual offences","BT69PL"
"2016-06",-6.388359,55.099194,"FIVEY ROAD","Burglary","BT538JH"
"2017-12",-5.887224,54.592523,"CLARA AVENUE","Drugs","BT55ER"
"2015-08",-5.53789,54.641521,"CHURCH COURT","Anti-social behaviour","BT308QX"
"2016-09",-7.452604,54.8212,"SPRINGHILL PARK","Anti-social behaviour","BT828BZ"
"2017-05",-7.322421,55.003137,"STRAND ROAD","Violence and sexual offences","BT487AD"
"2016-02",-6.652407,55.147354,"THORNLEA DRIVE","Drugs","BT521XB"
"2016-09",-5.900207,54.590691,"EUSTON STREET","Anti-social behaviour","BT69AF"
"2017-03",-6.396425,54.197224,"ORIOR PARK","Anti-social behaviour","BT357BT"
"2017-12",-5.90397,54.595752,"CLUAN PLACE","Anti-social behaviour","BT54LY"
"2017-12",-5.932455,54.594903,"CLARENCE STREET WEST","Violence and sexual offences","BT27GP"
"2015-04",-5.900207,54.590691,"EUSTON STREET","Criminal damage and arson","BT69AF"
"2015-10",-7.135565,54.909213,"FAUGHANVIEW PARK","Criminal damage and arson","BT474HQ"
"2015-01",-5.985201,54.594976,"DIVISMORE CRESCENT","Vehicle crime","BT127LE"
"2016-05",-5.906654,54.598027,"COMBER COURT","Vehicle crime","BT54TN"
"2017-10",-5.956978,54.67091,"CHURCH ROAD","Anti-social behaviour","BT189BU"
"2016-07",-5.933066,54.591086,"DUBLIN ROAD","Anti-social behaviour","BT358QP"
"2015-08",-5.894489,54.598364,"NEWTOWNARDS ROAD","Public order","BT41AF"
"2016-11",-6.367263,54.179375,"CHANCELLORS ROAD","Vehicle crime","BT358PR"
"2017-06",-5.932058,54.580143,"COLENSO PARADE","Anti-social behaviour","BT95BB"
"2017-08",-7.478009,54.812733,"GALLANY COURT","Violence and sexual offences","BT829JF"
"2015-06",-6.058471,54.509685,"TONAGH MEWS","Shoplifting","BT281DZ"
"2016-03",-6.43755,55.071124,"HILLCREST GARDENS","Violence and sexual offences","BT538NB"
"2016-02",-5.957205,54.611425,"LEOPOLD STREET","Other crime","BT133HB"
"2015-07",-6.034895,54.589009,"GLENMEEN CLOSE","Vehicle crime","BT170PA"
"2015-10",-5.930154,54.597254,"DONEGALL SQUARE NORTH","Anti-social behaviour","BT15GB"
"2017-07",-5.772998,54.729656,"EDENVALE AVENUE","Violence and sexual offences","BT387NP"
"2015-10",-6.659941,55.19724,"WEST STRAND ROAD","Anti-social behaviour","BT568ET"
"2016-12",-7.265991,55.030476,"TEMPLE ROAD","Anti-social behaviour","BT282PD"
"2017-07",-5.573612,54.320925,"BALLYWOODAN ROAD","Violence and sexual offences","BT307PE"
"2015-10",-7.31798,54.995944,"FOYLE STREET","Anti-social behaviour","BT486XY"
"2017-08",-5.669968,54.58838,"BURNREAGH COURT","Public order","BT238UE"
"2016-04",-5.924577,54.583384,"COLLINGWOOD AVENUE","Anti-social behaviour","BT668HN"
"2016-09",-5.928439,54.613038,"GLENROSA STREET","Other theft","BT152JB"
"2017-05",-5.851545,54.258904,"DE COURCEY WAY","Violence and sexual offences","BT330NZ"
"2015-06",-5.987572,54.565104,"ORCHARDVILLE CRESCENT","Violence and sexual offences","BT100JT"
"2015-10",-6.335421,54.192677,"ARDMORE ROAD","Violence and sexual offences","BT666QP"
"2015-10",-7.635161,54.470872,"CASTLE STREET","Other theft","BT307QQ"
"2015-08",-6.044693,54.508484,"IVAN STREET","Violence and sexual offences","BT281YN"
"2017-04",-6.943048,55.040343,"GLENMILL PARK","Violence and sexual offences","BT490RS"
"2015-02",-6.034178,54.559896,"GLENKEEN","Other crime","BT413JX"
"2015-12",-6.933117,55.04261,"DRUMACHOSE PARK","Drugs","BT490NZ"
"2017-12",-6.351678,54.174185,"ALTMORE GARDENS","Criminal damage and arson","BT358EX"
"2015-07",-5.923242,54.227301,"BRYANSFORD ROAD","Violence and sexual offences","BT330HJ"
"2016-02",-5.927195,54.60219,"HILL STREET","Violence and sexual offences","BT12LB"
"2016-03",-6.635855,54.347097,"HAMILTONSBAWN ROAD","Anti-social behaviour","BT601DL"
"2016-12",-6.07626,54.507355,"DRUMLOUGH GARDENS","Anti-social behaviour","BT281RT"
"2017-06",-6.356769,54.889872,"LOWTOWN TERRACE","Anti-social behaviour","BT421NE"
"2016-10",-6.264648,55.199747,"MAYO DRIVE","Other theft","BT546EH"
"2016-07",-5.685271,54.655418,"BELFAST ROAD","Anti-social behaviour","BT248EB"
"2016-05",-5.911571,54.605066,"QUEENS ROAD","Other theft","BT39FB"
"2015-12",-7.267038,55.034794,"CLONMEEN DRIVE","Anti-social behaviour","BT476UX"
"2015-09",-6.660966,55.140037,"MAPLE DRIVE","Anti-social behaviour","BT522AR"
"2017-12",-6.621125,54.641311,"URBAL ROAD","Vehicle crime","BT800DP"
"2015-01",-5.938867,54.622651,"HOPEFIELD AVENUE","Violence and sexual offences","BT155AP"
"2017-08",-6.601172,54.410111,"MAIN STREET","Shoplifting","BT936HW"
"2015-12",-6.706297,55.167342,"COLERAINE ROAD","Violence and sexual offences","BT568HN"
"2015-06",-5.861438,54.59711,"WANDSWORTH PARADE","Drugs","BT43FW"
"2015-10",-5.968609,54.611833,"DONALDSON CRESCENT","Violence and sexual offences","BT133LQ"
"2015-10",-6.148555,54.192285,"SLIEVENAGARRAGH","Anti-social behaviour","BT345BF"
"2015-09",-6.632014,54.236761,"ARMAGHBRAGUE ROAD","Other theft","BT602NU"
"2015-05",-7.634686,54.356268,"KILMACORMICK AVENUE","Anti-social behaviour","BT746ER"
"2015-08",-6.682051,54.233177,"ANNVALE ROAD","Criminal damage and arson","BT602SA"
"2017-09",-6.000621,54.751244,"HARRIER WAY","Criminal damage and arson","BT399AA"
"2016-05",-7.305876,54.599319,"JOHN STREET","Anti-social behaviour","BT486JY"
"2017-06",-7.626352,54.342453,"WICKHAM PLACE","Criminal damage and arson","BT746HY"
"2015-08",-5.951677,54.596371,"ABERCORN STREET NORTH","Vehicle crime","BT124NE"
"2015-06",-7.309922,54.987508,"TOP OF THE HILL","Criminal damage and arson","BT472HA"
"2016-04",-6.791005,54.654572,"ORRITOR ROAD","Other crime","BT808BN"
"2017-06",-6.512727,55.069056,"OZONE AVENUE","Anti-social behaviour","BT536HU"
"2016-05",-5.969937,54.621846,"WHEATFIELD DRIVE","Anti-social behaviour","BT147JW"
"2016-01",-7.278698,54.596313,"WINTERS GARDENS","Anti-social behaviour","BT790DZ"
"2015-09",-5.9179,54.607511,"PRINCES DOCK STREET","Bicycle theft","BT13DS"
"2016-09",-6.775254,54.500719,"BEECHVALLEY","Other theft","BT717BN"
"2017-02",-6.027866,54.561572,"LAURELBANK","Violence and sexual offences","BT170RT"
"2015-12",-5.933006,54.587985,"BOTANIC AVENUE","Violence and sexual offences","BT71JL"
"2016-04",-5.636275,54.652881,"MARLO PARK","Burglary","BT196NL"
"2015-01",-5.83891,54.632965,"EAST LINK","Violence and sexual offences","BT189PQ"
"2015-08",-6.92317,55.036117,"ROSE GARDENS","Anti-social behaviour","BT388FD"
"2016-08",-5.823826,54.588272,"OLD DUNDONALD ROAD","Anti-social behaviour","BT161XS"
"2017-10",-5.947132,54.572295,"NOTTING HILL MANOR","Burglary","BT95NQ"
"2015-04",-5.928374,54.601518,"DONEGALL STREET","Anti-social behaviour","BT12GQ"
"2016-06",-5.665878,54.642547,"BALLOO WAY","Other theft","BT197QZ"
"2016-02",-5.607032,54.259193,"KILDARE STREET","Violence and sexual offences","BT307TR"
"2016-02",-7.632114,54.361803,"LAWNAKILLA PARK","Violence and sexual offences","BT747JN"
"2017-06",-5.997794,54.575786,"CAVANMORE GARDENS","Burglary","BT118LZ"
"2015-05",-5.914614,54.595496,"MAYS MEADOW","Anti-social behaviour","BT13BL"
"2016-01",-6.046705,54.511284,"BOW STREET","Shoplifting","BT281AW"
"2016-08",-5.897877,54.599582,"FROME STREET","Anti-social behaviour","BT41GJ"
"2017-03",-5.951125,54.587952,"KITCHENER STREET","Anti-social behaviour","BT126LG"
"2016-01",-7.334426,55.021797,"THE HAWTHORNES","Drugs","BR925BN"
"2017-09",-6.950893,55.051406,"CONNELL STREET CAR PARK","Criminal damage and arson","BT490DB"
"2016-02",-5.926705,54.628858,"DUNLAMBERT DRIVE","Burglary","BT153NF"
"2016-03",-6.445977,54.422345,"WEST STREET","Anti-social behaviour","BT389HR"
"2016-03",-6.27516,54.8677,"BALLYMONEY STREET","Shoplifting","BT436AN"
"2017-04",-6.215475,54.733133,"GLENCRAIG MANOR","Criminal damage and arson","BT412LE"
"2017-09",-5.819368,54.851015,"BROADWAY","Violence and sexual offences","BT126HQ"
"2016-02",-5.947648,54.59863,"ROSS STREET","Anti-social behaviour","BT124EA"
"2017-03",-5.927533,54.599788,"HIGH STREET","Anti-social behaviour","BT248AB"
"2015-07",-6.211654,54.625614,"PARKFIELD","Violence and sexual offences","BT294SG"
"2016-08",-6.736276,54.638696,"FOUNTAIN COURT","Violence and sexual offences","BT306HT"
"2017-10",-6.339843,54.459494,"JAMES STREET","Anti-social behaviour","BT781AP"
"2017-03",-7.320473,54.607272,"GORTRUSH PARK","Other theft","BT785EF"
"2015-09",-6.441213,54.422032,"SANDY ROW","Anti-social behaviour","BT125EU"
"2015-11",-5.946389,54.573837,"MALONE ROAD","Violence and sexual offences","BT95BU"
"2016-04",-6.783937,55.133027,"DUNBOE ROAD","Violence and sexual offences","BT514JS"
"2016-07",-5.910852,54.599753,"STRAND CLOSE","Criminal damage and arson","BT54TR"
"2015-09",-5.917791,54.654492,"LONGWOOD ROAD","Shoplifting","BT379UH"
"2017-03",-7.483296,54.615326,"LOUGHREY TERRACE","Violence and sexual offences","BT784SG"
"2017-06",-6.151564,54.41357,"CASTLE STREET","Criminal damage and arson","BT307QQ"
"2017-04",-6.313831,54.75773,"MAGHERALANE ROAD","Violence and sexual offences","BT412PD"
"2015-02",-5.881197,54.590009,"NORBLOOM GARDENS","Burglary","BT56BU"
"2017-04",-6.069931,54.506994,"DRUMBEG DRIVE","Drugs","BT281NY"
"2017-10",-6.119793,54.484671,"STABLE LANE","Anti-social behaviour","BT275QP"
"2017-11",-6.652727,55.203933,"EGLINTON STREET","Violence and sexual offences","BT568DX"
"2017-12",-5.708953,54.334292,"MEADOWLANDS","Violence and sexual offences","BT306EN"
"2015-05",-5.706981,54.580866,"BLENHEIM DRIVE","Violence and sexual offences","BT234RB"
"2015-05",-7.20619,54.274101,"CORRALEEK ROAD","Anti-social behaviour","BT927EQ"
"2017-08",-5.80777,54.718825,"FERGUS AVENUE","Possession of weapons","BT388JA"
"2015-05",-6.219326,54.732759,"BARRA STREET","Violence and sexual offences","BT412TJ"
"2015-02",-6.254825,54.106896,"GANNA WAY","Violence and sexual offences","BT343LT"
"2017-07",-6.056381,54.519535,"DUNCANS ROAD","Vehicle crime","BT283NA"
"2015-09",-5.973975,54.624097,"BILSTON ROAD","Anti-social behaviour","BT148GA"
"2016-07",-6.081951,54.511111,"MORNINGTON AVENUE","Anti-social behaviour","BT282WP"
"2016-12",-6.483988,54.11206,"TULLYMACREEVE ROAD","Anti-social behaviour","BT359RE"
"2015-05",-7.35296,54.183667,"MILL HILL ROAD","Violence and sexual offences","BT928GN"
"2017-08",-6.614172,54.749047,"LESTER PARK","Drugs","BT456HB"
"2015-09",-7.310536,54.612875,"KNOCKMOYLE GROVE","Anti-social behaviour","BT797XH"
"2015-08",-5.81917,54.719848,"ASHLEIGH PARK","Violence and sexual offences","BT388EF"
"2016-11",-6.620665,54.865415,"MAIN STREET","Criminal damage and arson","BT936HW"
"2017-02",-6.325315,54.746335,"BRIERMOUNT","Criminal damage and arson","BT413AY"
"2017-11",-7.300558,54.995953,"CURLEW WAY","Violence and sexual offences","BT476LQ"
"2015-03",-5.947176,54.601551,"NORTHUMBERLAND STREET","Public order","BT132JF"
"2015-11",-5.979949,54.581348,"FALLS ROAD","Robbery","BT119AB"
"2017-12",-6.342173,54.46825,"ALBERT AVENUE","Anti-social behaviour","BT666JQ"
"2016-09",-7.289145,54.988431,"PELHAM ROAD","Anti-social behaviour","BT476FF"
"2016-07",-5.706098,54.661215,"SEYMOUR PARK","Anti-social behaviour","BT275BQ"
"2016-07",-5.948104,54.61818,"CLIFTONVILLE ROAD","Anti-social behaviour","BT146JN"
